timestamp,frame,ear,mar,perclos,blink_rate,alert_level
2026-04-26 23:54:48,0,0.2509,0.0,0.0,0.0,NORMAL
2026-04-26 23:54:48,1,0.2551,0.0,0.0,0.0,NORMAL
2026-04-26 23:54:48,2,0.2616,0.0,0.0,0.0,NORMAL
2026-04-26 23:54:48,3,0.2774,0.0118,0.0,0.0,NORMAL
2026-04-26 23:54:48,4,0.283,0.0164,0.0,0.0,NORMAL
2026-04-26 23:54:48,5,0.2884,0.0,0.0,0.0,NORMAL
2026-04-26 23:54:48,6,0.282,0.0357,0.0,0.0,NORMAL
2026-04-26 23:54:48,7,0.2853,0.0,0.0,0.0,NORMAL
2026-04-26 23:54:48,8,0.2927,0.0,0.0,0.0,NORMAL
2026-04-26 23:54:48,9,0.2816,0.0164,0.0,0.0,NORMAL
2026-04-26 23:54:48,10,0.2765,0.0115,0.0,0.0,NORMAL
2026-04-26 23:54:48,11,0.2896,0.0,0.0,0.0,NORMAL
2026-04-26 23:54:48,12,0.2804,0.0,0.0,0.0,NORMAL
2026-04-26 23:54:48,13,0.2817,0.0241,0.0,0.0,NORMAL
2026-04-26 23:54:48,14,0.2907,0.0,0.0,0.0,NORMAL
2026-04-26 23:54:48,15,0.2862,0.0,0.0,0.0,NORMAL
2026-04-26 23:54:48,16,0.3081,0.0241,0.0,0.0,NORMAL
2026-04-26 23:54:49,17,0.2988,0.0168,0.0,0.0,NORMAL
2026-04-26 23:54:49,18,0.2871,0.0,0.0,0.0,NORMAL
2026-04-26 23:54:49,19,0.2921,0.0118,0.0,0.0,NORMAL
2026-04-26 23:54:49,20,0.3027,0.0,0.0,0.0,NORMAL
2026-04-26 23:54:49,21,0.2981,0.0353,0.0,0.0,NORMAL
2026-04-26 23:54:49,22,0.3127,0.0241,0.0,0.0,NORMAL
2026-04-26 23:54:49,23,0.2854,0.0,0.0,0.0,NORMAL
2026-04-26 23:54:49,24,0.2914,0.0118,0.0,0.0,NORMAL
2026-04-26 23:54:49,25,0.3061,0.0266,0.0,0.0,NORMAL
2026-04-26 23:54:49,26,0.3041,0.0115,0.0,0.0,NORMAL
2026-04-26 23:54:49,27,0.2903,0.0,0.0,0.0,NORMAL
2026-04-26 23:54:49,28,0.2994,0.0,0.0,0.0,NORMAL
2026-04-26 23:54:49,29,0.2894,0.012,0.0,0.0,NORMAL
2026-04-26 23:54:49,30,0.2951,0.0,0.0,0.0,NORMAL
2026-04-26 23:54:49,31,0.2968,0.0,0.0,0.0,NORMAL
2026-04-26 23:54:49,32,0.3121,0.0118,0.0,0.0,NORMAL
2026-04-26 23:54:49,33,0.3039,0.0118,0.0,0.0,NORMAL
2026-04-26 23:54:49,34,0.2983,0.0235,0.0,0.0,NORMAL
2026-04-26 23:54:49,35,0.2996,0.0,0.0,0.0,NORMAL
2026-04-26 23:54:49,36,0.3059,0.0357,0.0,0.0,NORMAL
2026-04-26 23:54:49,37,0.2969,0.0,0.0,0.0,NORMAL
2026-04-26 23:54:49,38,0.2957,0.0,0.0,0.0,NORMAL
2026-04-26 23:54:49,39,0.2959,0.0455,0.0,0.0,NORMAL
2026-04-26 23:54:49,40,0.2959,0.0455,0.0,0.0,NORMAL
2026-04-26 23:54:49,41,0.3053,0.0273,0.0,0.0,NORMAL
2026-04-26 23:54:49,42,0.3042,0.0366,0.0,0.0,NORMAL
2026-04-26 23:54:49,43,0.3026,0.0455,0.0,0.0,NORMAL
2026-04-26 23:54:49,44,0.2999,0.0474,0.0,0.0,NORMAL
2026-04-26 23:54:49,45,0.3165,0.0,0.0,0.0,NORMAL
2026-04-26 23:54:50,46,0.3125,0.0,0.0,0.0,NORMAL
2026-04-26 23:54:50,47,0.3026,0.0118,0.0,0.0,NORMAL
2026-04-26 23:54:50,48,0.3051,0.0,0.0,0.0,NORMAL
2026-04-26 23:54:50,49,0.3146,0.0235,0.0,0.0,NORMAL
2026-04-26 23:54:50,50,0.3136,0.0118,0.0,0.0,NORMAL
2026-04-26 23:54:50,51,0.3097,0.0,0.0,0.0,NORMAL
2026-04-26 23:54:50,52,0.2498,0.012,0.0,0.0,NORMAL
2026-04-26 23:54:50,53,0.25,0.012,0.0,0.0,NORMAL
2026-04-26 23:54:50,54,0.2027,0.0179,0.0182,32.73,NORMAL
2026-04-26 23:54:50,55,0.2223,0.0,0.0179,32.14,NORMAL
2026-04-26 23:54:50,56,0.3025,0.0,0.0175,31.58,NORMAL
2026-04-26 23:54:50,57,0.3059,0.0132,0.0172,31.03,NORMAL
2026-04-26 23:54:50,58,0.3135,0.0,0.0169,30.51,NORMAL
2026-04-26 23:54:50,59,0.2928,0.0,0.0167,30.0,NORMAL
2026-04-26 23:54:50,60,0.3182,0.0,0.0164,29.51,NORMAL
2026-04-26 23:54:50,61,0.2992,0.012,0.0161,29.03,NORMAL
2026-04-26 23:54:50,62,0.2942,0.0123,0.0159,28.57,NORMAL
2026-04-26 23:54:50,63,0.2987,0.0,0.0156,28.12,NORMAL
2026-04-26 23:54:50,64,0.3013,0.0,0.0154,27.69,NORMAL
2026-04-26 23:54:50,65,0.3144,0.0,0.0152,27.27,NORMAL
2026-04-26 23:54:50,66,0.2893,0.0,0.0149,26.87,NORMAL
2026-04-26 23:54:50,67,0.3077,0.0123,0.0147,26.47,NORMAL
2026-04-26 23:54:50,68,0.3123,0.0125,0.0145,26.09,NORMAL
2026-04-26 23:54:50,69,0.3183,0.0123,0.0143,25.71,NORMAL
2026-04-26 23:54:50,70,0.3243,0.0,0.0141,25.35,NORMAL
2026-04-26 23:54:50,71,0.3285,0.0,0.0139,25.0,NORMAL
2026-04-26 23:54:50,72,0.3044,0.0,0.0137,24.66,NORMAL
2026-04-26 23:54:50,73,0.3049,0.0,0.0135,24.32,NORMAL
2026-04-26 23:54:50,74,0.2963,0.0481,0.0133,24.0,NORMAL
2026-04-26 23:54:50,75,0.3065,0.0125,0.0132,23.68,NORMAL
2026-04-26 23:54:50,76,0.3219,0.0,0.013,23.38,NORMAL
2026-04-26 23:54:51,77,0.3031,0.0,0.0128,23.08,NORMAL
2026-04-26 23:54:51,78,0.3122,0.0,0.0127,22.78,NORMAL
2026-04-26 23:54:51,79,0.3269,0.0,0.0125,22.5,NORMAL
2026-04-26 23:54:51,80,0.3248,0.0126,0.0123,22.22,NORMAL
2026-04-26 23:54:51,81,0.3096,0.0247,0.0122,21.95,NORMAL
2026-04-26 23:54:51,82,0.3155,0.0247,0.012,21.69,NORMAL
2026-04-26 23:54:51,83,0.317,0.0122,0.0119,21.43,NORMAL
2026-04-26 23:54:51,84,0.3079,0.0122,0.0118,21.18,NORMAL
2026-04-26 23:54:51,85,0.3155,0.0361,0.0116,20.93,NORMAL
2026-04-26 23:54:51,86,0.306,0.0177,0.0115,20.69,NORMAL
2026-04-26 23:54:51,87,0.3109,0.0,0.0114,20.45,NORMAL
2026-04-26 23:54:51,88,0.3231,0.0,0.0112,20.22,NORMAL
2026-04-26 23:54:51,89,0.3187,0.0126,0.0111,20.0,NORMAL
2026-04-26 23:54:51,90,0.3258,0.0122,0.0111,19.78,NORMAL
2026-04-26 23:54:51,91,0.3093,0.0,0.0111,19.57,NORMAL
2026-04-26 23:54:51,92,0.3051,0.1135,0.0111,19.35,NORMAL
2026-04-26 23:54:51,93,0.3017,0.0929,0.0111,19.15,NORMAL
2026-04-26 23:54:51,94,0.3,0.1176,0.0111,18.95,NORMAL
2026-04-26 23:54:51,95,0.3084,0.1532,0.0111,18.75,NORMAL
2026-04-26 23:54:51,96,0.3074,0.1587,0.0111,18.56,NORMAL
2026-04-26 23:54:51,97,0.2684,0.3336,0.0111,18.37,NORMAL
2026-04-26 23:54:51,98,0.2795,0.3417,0.0111,18.18,NORMAL
2026-04-26 23:54:51,99,0.2201,0.4684,0.0111,18.0,NORMAL
2026-04-26 23:54:51,100,0.2251,0.4813,0.0111,17.82,NORMAL
2026-04-26 23:54:51,101,0.2083,0.52,0.0222,35.29,NORMAL
2026-04-26 23:54:51,102,0.2135,0.4945,0.0222,34.95,NORMAL
2026-04-26 23:54:51,103,0.2344,0.5845,0.0222,34.62,NORMAL
2026-04-26 23:54:51,104,0.2391,0.6467,0.0222,34.29,NORMAL
2026-04-26 23:54:51,105,0.2367,0.6437,0.0222,33.96,NORMAL
2026-04-26 23:54:51,106,0.2562,0.6988,0.0222,33.64,NORMAL
2026-04-26 23:54:52,107,0.2614,0.6683,0.0222,33.33,NORMAL
2026-04-26 23:54:52,108,0.2653,0.8108,0.0222,33.03,NORMAL
2026-04-26 23:54:52,109,0.273,0.8124,0.0222,32.73,NORMAL
2026-04-26 23:54:52,110,0.2699,0.8211,0.0222,32.43,NORMAL
2026-04-26 23:54:52,111,0.2686,0.8075,0.0222,32.14,NORMAL
2026-04-26 23:54:52,112,0.2601,0.8211,0.0222,31.86,NORMAL
2026-04-26 23:54:52,113,0.2775,0.8095,0.0222,31.58,NORMAL
2026-04-26 23:54:52,114,0.2651,0.79,0.0222,31.3,NORMAL
2026-04-26 23:54:52,115,0.276,1.0134,0.0222,31.03,NORMAL
2026-04-26 23:54:52,116,0.2746,0.9754,0.0222,30.77,NORMAL
2026-04-26 23:54:52,117,0.266,1.0143,0.0222,30.51,NORMAL
2026-04-26 23:54:52,118,0.264,0.9878,0.0222,30.25,NORMAL
2026-04-26 23:54:52,119,0.2637,0.9228,0.0222,30.0,MEDIUM
2026-04-26 23:54:52,120,0.2608,0.9243,0.0222,29.75,MEDIUM
2026-04-26 23:54:52,121,0.2521,0.9605,0.0222,29.51,MEDIUM
2026-04-26 23:54:52,122,0.2662,0.9191,0.0222,29.27,MEDIUM
2026-04-26 23:54:52,123,0.266,0.9324,0.0222,29.03,MEDIUM
2026-04-26 23:54:52,124,0.2609,0.8328,0.0222,28.8,MEDIUM
2026-04-26 23:54:52,125,0.2704,0.8699,0.0222,28.57,MEDIUM
2026-04-26 23:54:52,126,0.2651,0.9121,0.0222,28.35,MEDIUM
2026-04-26 23:54:52,127,0.2726,0.8779,0.0222,28.12,MEDIUM
2026-04-26 23:54:52,128,0.2788,0.8312,0.0222,27.91,MEDIUM
2026-04-26 23:54:52,129,0.2846,0.8933,0.0222,27.69,MEDIUM
2026-04-26 23:54:52,130,0.2815,0.7499,0.0222,27.48,MEDIUM
2026-04-26 23:54:52,131,0.2871,0.7602,0.0222,27.27,MEDIUM
2026-04-26 23:54:52,132,0.274,0.5718,0.0222,27.07,NORMAL
2026-04-26 23:54:52,133,0.2561,0.6102,0.0222,26.87,NORMAL
2026-04-26 23:54:52,134,0.2779,0.5893,0.0222,26.67,NORMAL
2026-04-26 23:54:52,135,0.2749,0.6327,0.0222,26.47,NORMAL
2026-04-26 23:54:53,136,0.2849,0.658,0.0222,26.28,NORMAL
2026-04-26 23:54:53,137,0.2754,0.5258,0.0222,26.09,NORMAL
2026-04-26 23:54:53,138,0.286,0.5128,0.0222,25.9,NORMAL
2026-04-26 23:54:53,139,0.2991,0.4995,0.0222,25.71,NORMAL
2026-04-26 23:54:53,140,0.2922,0.5065,0.0222,25.53,NORMAL
2026-04-26 23:54:53,141,0.2921,0.5375,0.0222,25.35,NORMAL
2026-04-26 23:54:53,142,0.3052,0.4194,0.0222,25.17,NORMAL
2026-04-26 23:54:53,143,0.2888,0.4142,0.0222,25.0,NORMAL
2026-04-26 23:54:53,144,0.2731,0.2891,0.0111,24.83,NORMAL
2026-04-26 23:54:53,145,0.282,0.262,0.0111,24.66,NORMAL
2026-04-26 23:54:53,146,0.2867,0.2052,0.0111,24.49,NORMAL
2026-04-26 23:54:53,147,0.276,0.2073,0.0111,24.32,NORMAL
2026-04-26 23:54:53,148,0.2811,0.1839,0.0111,24.16,NORMAL
2026-04-26 23:54:53,149,0.2686,0.1136,0.0111,24.0,NORMAL
2026-04-26 23:54:53,150,0.2859,0.1222,0.0111,24.0,NORMAL
2026-04-26 23:54:53,151,0.2702,0.0822,0.0111,24.0,NORMAL
2026-04-26 23:54:53,152,0.2644,0.0941,0.0111,24.0,NORMAL
2026-04-26 23:54:53,153,0.2769,0.0971,0.0111,24.0,NORMAL
2026-04-26 23:54:53,154,0.2782,0.0724,0.0111,24.0,NORMAL
2026-04-26 23:54:53,155,0.2876,0.0351,0.0111,24.0,NORMAL
2026-04-26 23:54:53,156,0.2853,0.0465,0.0111,24.0,NORMAL
2026-04-26 23:54:53,157,0.2906,0.0,0.0111,24.0,NORMAL
2026-04-26 23:54:53,158,0.3002,0.046,0.0111,24.0,NORMAL
2026-04-26 23:54:53,159,0.2985,0.0479,0.0111,24.0,NORMAL
2026-04-26 23:54:53,160,0.2791,0.0,0.0111,24.0,NORMAL
2026-04-26 23:54:53,161,0.2756,0.0,0.0111,24.0,NORMAL
2026-04-26 23:54:53,162,0.2901,0.0118,0.0111,24.0,NORMAL
2026-04-26 23:54:53,163,0.2901,0.0118,0.0111,24.0,NORMAL
2026-04-26 23:54:53,164,0.3029,0.025,0.0111,24.0,NORMAL
2026-04-26 23:54:53,165,0.3013,0.0,0.0111,24.0,NORMAL
2026-04-26 23:54:54,166,0.3083,0.039,0.0111,24.0,NORMAL
2026-04-26 23:54:54,167,0.304,0.025,0.0111,24.0,NORMAL
2026-04-26 23:54:54,168,0.3148,0.0349,0.0111,24.0,NORMAL
2026-04-26 23:54:54,169,0.3107,0.0,0.0111,24.0,NORMAL
2026-04-26 23:54:54,170,0.3071,0.0123,0.0111,24.0,NORMAL
2026-04-26 23:54:54,171,0.3027,0.0,0.0111,24.0,NORMAL
2026-04-26 23:54:54,172,0.3032,0.0,0.0111,24.0,NORMAL
2026-04-26 23:54:54,173,0.3094,0.012,0.0111,24.0,NORMAL
2026-04-26 23:54:54,174,0.3023,0.017,0.0111,24.0,NORMAL
2026-04-26 23:54:54,175,0.3085,0.0366,0.0111,24.0,NORMAL
2026-04-26 23:54:54,176,0.3075,0.0244,0.0111,24.0,NORMAL
2026-04-26 23:54:54,177,0.3057,0.0357,0.0111,24.0,NORMAL
2026-04-26 23:54:54,178,0.3013,0.0361,0.0111,24.0,NORMAL
2026-04-26 23:54:54,179,0.3017,0.05,0.0111,24.0,NORMAL
2026-04-26 23:54:54,180,0.2069,0.0588,0.0222,36.0,NORMAL
2026-04-26 23:54:54,181,0.2047,0.0366,0.0333,36.0,NORMAL
2026-04-26 23:54:54,182,0.0741,0.1078,0.0444,36.0,NORMAL
2026-04-26 23:54:54,183,0.085,0.0937,0.0556,36.0,NORMAL
2026-04-26 23:54:54,184,0.1791,0.2502,0.0667,36.0,NORMAL
2026-04-26 23:54:54,185,0.1656,0.2499,0.0778,36.0,NORMAL
2026-04-26 23:54:54,186,0.2352,0.3666,0.0778,36.0,NORMAL
2026-04-26 23:54:54,187,0.2608,0.3915,0.0778,36.0,NORMAL
2026-04-26 23:54:54,188,0.2737,0.349,0.0778,36.0,NORMAL
2026-04-26 23:54:54,189,0.2445,0.4408,0.0778,36.0,NORMAL
2026-04-26 23:54:54,190,0.2442,0.4406,0.0778,36.0,NORMAL
2026-04-26 23:54:54,191,0.2342,0.581,0.0667,36.0,NORMAL
2026-04-26 23:54:54,192,0.241,0.581,0.0667,36.0,NORMAL
2026-04-26 23:54:54,193,0.2259,0.6277,0.0667,36.0,NORMAL
2026-04-26 23:54:54,194,0.2364,0.8408,0.0667,36.0,NORMAL
2026-04-26 23:54:55,195,0.2507,0.8317,0.0667,36.0,NORMAL
2026-04-26 23:54:55,196,0.2399,0.9899,0.0667,36.0,NORMAL
2026-04-26 23:54:55,197,0.2497,0.9892,0.0667,36.0,NORMAL
2026-04-26 23:54:55,198,0.2322,1.0447,0.0667,36.0,NORMAL
2026-04-26 23:54:55,199,0.2262,1.0222,0.0667,36.0,NORMAL
2026-04-26 23:54:55,200,0.2342,1.1525,0.0667,36.0,NORMAL
2026-04-26 23:54:55,201,0.2477,1.1153,0.0667,36.0,NORMAL
2026-04-26 23:54:55,202,0.2374,1.1489,0.0667,36.0,NORMAL
2026-04-26 23:54:55,203,0.2393,1.12,0.0667,24.0,NORMAL
2026-04-26 23:54:55,204,0.2317,1.0796,0.0667,24.0,NORMAL
2026-04-26 23:54:55,205,0.2299,1.0684,0.0667,24.0,NORMAL
2026-04-26 23:54:55,206,0.2327,1.0444,0.0667,24.0,NORMAL
2026-04-26 23:54:55,207,0.2271,1.1498,0.0667,24.0,NORMAL
2026-04-26 23:54:55,208,0.2447,1.1778,0.0667,24.0,MEDIUM
2026-04-26 23:54:55,209,0.2198,1.1335,0.0667,24.0,MEDIUM
2026-04-26 23:54:55,210,0.2423,1.0828,0.0667,24.0,MEDIUM
2026-04-26 23:54:55,211,0.2119,1.1355,0.0667,24.0,MEDIUM
2026-04-26 23:54:55,212,0.2231,1.1463,0.0667,24.0,MEDIUM
2026-04-26 23:54:55,213,0.2119,1.034,0.0667,24.0,MEDIUM
2026-04-26 23:54:55,214,0.229,1.0575,0.0667,24.0,MEDIUM
2026-04-26 23:54:55,215,0.2327,1.0115,0.0667,24.0,MEDIUM
2026-04-26 23:54:55,216,0.2346,0.9548,0.0667,24.0,MEDIUM
2026-04-26 23:54:55,217,0.2313,0.9896,0.0667,24.0,MEDIUM
2026-04-26 23:54:55,218,0.2327,0.9349,0.0667,24.0,MEDIUM
2026-04-26 23:54:55,219,0.2347,0.9355,0.0667,24.0,MEDIUM
2026-04-26 23:54:55,220,0.2418,0.9887,0.0667,24.0,MEDIUM
2026-04-26 23:54:55,221,0.227,0.9891,0.0667,24.0,MEDIUM
2026-04-26 23:54:55,222,0.2396,0.9781,0.0667,24.0,MEDIUM
2026-04-26 23:54:55,223,0.2175,1.022,0.0667,24.0,MEDIUM
2026-04-26 23:54:55,224,0.2426,0.8818,0.0667,24.0,MEDIUM
2026-04-26 23:54:55,225,0.2154,0.9196,0.0667,24.0,MEDIUM
2026-04-26 23:54:55,226,0.204,0.8445,0.0778,36.0,MEDIUM
2026-04-26 23:54:56,227,0.2384,0.9906,0.0778,36.0,MEDIUM
2026-04-26 23:54:56,228,0.2273,0.9577,0.0778,36.0,MEDIUM
2026-04-26 23:54:56,229,0.2299,0.9282,0.0778,36.0,MEDIUM
2026-04-26 23:54:56,230,0.2354,0.9066,0.0778,36.0,MEDIUM
2026-04-26 23:54:56,231,0.2242,0.9881,0.0778,36.0,MEDIUM
2026-04-26 23:54:56,232,0.2382,1.0009,0.0778,36.0,MEDIUM
2026-04-26 23:54:56,233,0.2303,1.0243,0.0778,36.0,MEDIUM
2026-04-26 23:54:56,234,0.2229,1.0222,0.0778,36.0,MEDIUM
2026-04-26 23:54:56,235,0.2191,1.0589,0.0778,36.0,MEDIUM
2026-04-26 23:54:56,236,0.239,1.0469,0.0778,36.0,MEDIUM
2026-04-26 23:54:56,237,0.2277,1.071,0.0778,36.0,MEDIUM
2026-04-26 23:54:56,238,0.2365,0.9321,0.0778,36.0,MEDIUM
2026-04-26 23:54:56,239,0.2391,0.9434,0.0778,36.0,MEDIUM
2026-04-26 23:54:56,240,0.2285,0.956,0.0778,36.0,MEDIUM
2026-04-26 23:54:56,241,0.2257,0.8914,0.0778,36.0,MEDIUM
2026-04-26 23:54:56,242,0.2228,0.912,0.0778,36.0,MEDIUM
2026-04-26 23:54:56,243,0.2395,0.9014,0.0778,36.0,MEDIUM
2026-04-26 23:54:56,244,0.2418,0.8701,0.0778,36.0,MEDIUM
2026-04-26 23:54:56,245,0.2333,0.7383,0.0778,36.0,MEDIUM
2026-04-26 23:54:56,246,0.2254,0.7431,0.0778,36.0,MEDIUM
2026-04-26 23:54:56,247,0.2464,0.5873,0.0778,36.0,NORMAL
2026-04-26 23:54:56,248,0.2472,0.5488,0.0778,36.0,NORMAL
2026-04-26 23:54:56,249,0.2338,0.6195,0.0778,36.0,NORMAL
2026-04-26 23:54:56,250,0.2477,0.5709,0.0778,24.0,NORMAL
2026-04-26 23:54:56,251,0.2373,0.3859,0.0778,24.0,NORMAL
2026-04-26 23:54:56,252,0.2405,0.241,0.0778,24.0,NORMAL
2026-04-26 23:54:56,253,0.2361,0.2295,0.0778,24.0,NORMAL
2026-04-26 23:54:56,254,0.2683,0.1998,0.0778,24.0,NORMAL
2026-04-26 23:54:56,255,0.2591,0.193,0.0778,24.0,NORMAL
2026-04-26 23:54:56,256,0.2607,0.1475,0.0778,24.0,NORMAL
2026-04-26 23:54:57,257,0.264,0.1479,0.0778,24.0,NORMAL
2026-04-26 23:54:57,258,0.2714,0.1032,0.0778,24.0,NORMAL
2026-04-26 23:54:57,259,0.2722,0.0567,0.0778,24.0,NORMAL
2026-04-26 23:54:57,260,0.2879,0.0219,0.0778,24.0,NORMAL
2026-04-26 23:54:57,261,0.2888,0.0,0.0778,24.0,NORMAL
2026-04-26 23:54:57,262,0.2877,0.0,0.0778,24.0,NORMAL
2026-04-26 23:54:57,263,0.2887,0.0114,0.0778,24.0,NORMAL
2026-04-26 23:54:57,264,0.2829,0.0,0.0778,24.0,NORMAL
2026-04-26 23:54:57,265,0.3072,0.0,0.0778,24.0,NORMAL
2026-04-26 23:54:57,266,0.3017,0.0,0.0778,24.0,NORMAL
2026-04-26 23:54:57,267,0.3034,0.0,0.0778,24.0,NORMAL
2026-04-26 23:54:57,268,0.3051,0.0162,0.0778,24.0,NORMAL
2026-04-26 23:54:57,269,0.3119,0.0,0.0778,24.0,NORMAL
2026-04-26 23:54:57,270,0.314,0.0,0.0667,24.0,NORMAL
2026-04-26 23:54:57,271,0.3004,0.0,0.0556,24.0,NORMAL
2026-04-26 23:54:57,272,0.3057,0.0,0.0444,24.0,NORMAL
2026-04-26 23:54:57,273,0.3021,0.0,0.0333,24.0,NORMAL
2026-04-26 23:54:57,274,0.3136,0.0118,0.0222,24.0,NORMAL
2026-04-26 23:54:57,275,0.3191,0.0238,0.0111,24.0,NORMAL
2026-04-26 23:54:57,276,0.3239,0.0,0.0111,24.0,NORMAL
2026-04-26 23:54:57,277,0.3156,0.0,0.0111,24.0,NORMAL
2026-04-26 23:54:57,278,0.3125,0.0,0.0111,24.0,NORMAL
2026-04-26 23:54:57,279,0.306,0.0,0.0111,24.0,NORMAL
2026-04-26 23:54:57,280,0.3107,0.0,0.0111,24.0,NORMAL
2026-04-26 23:54:57,281,0.3023,0.0,0.0111,24.0,NORMAL
2026-04-26 23:54:57,282,0.3107,0.0,0.0111,24.0,NORMAL
2026-04-26 23:54:57,283,0.3197,0.0,0.0111,24.0,NORMAL
2026-04-26 23:54:57,284,0.3151,0.0,0.0111,24.0,NORMAL
2026-04-26 23:54:57,285,0.2969,0.0,0.0111,24.0,NORMAL
2026-04-26 23:54:57,286,0.2898,0.0232,0.0111,24.0,NORMAL
2026-04-26 23:54:58,287,0.2962,0.0118,0.0111,24.0,NORMAL
2026-04-26 23:54:58,288,0.2935,0.0118,0.0111,24.0,NORMAL
2026-04-26 23:54:58,289,0.3142,0.0119,0.0111,24.0,NORMAL
2026-04-26 23:54:58,290,0.3074,0.0,0.0111,24.0,NORMAL
2026-04-26 23:54:58,291,0.3028,0.0116,0.0111,24.0,NORMAL
2026-04-26 23:54:58,292,0.3025,0.0,0.0111,24.0,NORMAL
2026-04-26 23:54:58,293,0.3017,0.0,0.0111,24.0,NORMAL
2026-04-26 23:54:58,294,0.2977,0.0,0.0111,24.0,NORMAL
2026-04-26 23:54:58,295,0.3141,0.0,0.0111,24.0,NORMAL
2026-04-26 23:54:58,296,0.3023,0.0357,0.0111,24.0,NORMAL
2026-04-26 23:54:58,297,0.3106,0.0241,0.0111,24.0,NORMAL
2026-04-26 23:54:58,298,0.3125,0.0,0.0111,24.0,NORMAL
2026-04-26 23:54:58,299,0.2879,0.1544,0.0111,24.0,NORMAL
2026-04-26 23:54:58,300,0.2917,0.1441,0.0111,24.0,NORMAL
2026-04-26 23:54:58,301,0.3272,0.2362,0.0111,24.0,NORMAL
2026-04-26 23:54:58,302,0.3279,0.201,0.0111,24.0,NORMAL
2026-04-26 23:54:58,303,0.3196,0.1854,0.0111,24.0,NORMAL
2026-04-26 23:54:58,304,0.3453,0.2074,0.0111,24.0,NORMAL
2026-04-26 23:54:58,305,0.32,0.2527,0.0111,24.0,NORMAL
2026-04-26 23:54:58,306,0.3078,0.2353,0.0111,24.0,NORMAL
2026-04-26 23:54:58,307,0.2917,0.2323,0.0111,24.0,NORMAL
2026-04-26 23:54:58,308,0.295,0.3498,0.0111,24.0,NORMAL
2026-04-26 23:54:58,309,0.2887,0.3453,0.0111,24.0,NORMAL
2026-04-26 23:54:58,310,0.281,0.4263,0.0111,24.0,NORMAL
2026-04-26 23:54:58,311,0.2767,0.4216,0.0111,24.0,NORMAL
2026-04-26 23:54:58,312,0.2691,0.4589,0.0111,24.0,NORMAL
2026-04-26 23:54:58,313,0.2375,0.5358,0.0111,24.0,NORMAL
2026-04-26 23:54:58,314,0.253,0.5406,0.0111,24.0,NORMAL
2026-04-26 23:54:58,315,0.2444,0.5999,0.0111,24.0,NORMAL
2026-04-26 23:54:58,316,0.2546,0.6074,0.0,24.0,NORMAL
2026-04-26 23:54:59,317,0.2442,0.6511,0.0,24.0,NORMAL
2026-04-26 23:54:59,318,0.2387,0.6811,0.0,24.0,NORMAL
2026-04-26 23:54:59,319,0.2388,0.6635,0.0,24.0,NORMAL
2026-04-26 23:54:59,320,0.2381,0.6925,0.0,24.0,NORMAL
2026-04-26 23:54:59,321,0.2431,0.7056,0.0,24.0,NORMAL
2026-04-26 23:54:59,322,0.2445,0.7433,0.0,24.0,NORMAL
2026-04-26 23:54:59,323,0.2411,0.8123,0.0,24.0,NORMAL
2026-04-26 23:54:59,324,0.2374,0.7914,0.0,24.0,NORMAL
2026-04-26 23:54:59,325,0.2447,0.7713,0.0,24.0,NORMAL
2026-04-26 23:54:59,326,0.2232,0.7884,0.0,24.0,NORMAL
2026-04-26 23:54:59,327,0.2335,0.7469,0.0,24.0,NORMAL
2026-04-26 23:54:59,328,0.2118,0.877,0.0,24.0,NORMAL
2026-04-26 23:54:59,329,0.2142,0.8895,0.0,12.0,NORMAL
2026-04-26 23:54:59,330,0.2305,0.8793,0.0,12.0,NORMAL
2026-04-26 23:54:59,331,0.2357,0.8823,0.0,12.0,MEDIUM
2026-04-26 23:54:59,332,0.2428,0.8374,0.0,12.0,MEDIUM
2026-04-26 23:54:59,333,0.2332,0.8711,0.0,12.0,MEDIUM
2026-04-26 23:54:59,334,0.2395,0.8708,0.0,12.0,MEDIUM
2026-04-26 23:54:59,335,0.2293,0.9159,0.0,12.0,MEDIUM
2026-04-26 23:54:59,336,0.2421,0.9677,0.0,12.0,MEDIUM
2026-04-26 23:54:59,337,0.2282,1.0,0.0,12.0,MEDIUM
2026-04-26 23:54:59,338,0.2209,0.9439,0.0,12.0,MEDIUM
2026-04-26 23:54:59,339,0.2224,0.9675,0.0,12.0,MEDIUM
2026-04-26 23:54:59,340,0.2225,0.9468,0.0,12.0,MEDIUM
2026-04-26 23:54:59,341,0.2308,1.035,0.0,12.0,MEDIUM
2026-04-26 23:54:59,342,0.207,1.0678,0.0111,24.0,MEDIUM
2026-04-26 23:54:59,343,0.222,1.0103,0.0111,24.0,MEDIUM
2026-04-26 23:54:59,344,0.2154,1.1846,0.0111,24.0,MEDIUM
2026-04-26 23:54:59,345,0.2256,1.1561,0.0111,24.0,MEDIUM
2026-04-26 23:54:59,346,0.2339,1.0898,0.0111,24.0,MEDIUM
2026-04-26 23:55:00,347,0.2323,0.989,0.0111,24.0,MEDIUM
2026-04-26 23:55:00,348,0.2075,1.0763,0.0222,36.0,MEDIUM
2026-04-26 23:55:00,349,0.2047,1.0755,0.0333,36.0,MEDIUM
2026-04-26 23:55:00,350,0.2231,1.0319,0.0333,36.0,MEDIUM
2026-04-26 23:55:00,351,0.203,1.0756,0.0444,48.0,MEDIUM
2026-04-26 23:55:00,352,0.2109,1.0998,0.0444,48.0,MEDIUM
2026-04-26 23:55:00,353,0.2195,1.1437,0.0444,48.0,MEDIUM
2026-04-26 23:55:00,354,0.2222,1.1581,0.0444,48.0,MEDIUM
2026-04-26 23:55:00,355,0.2284,1.2222,0.0444,48.0,MEDIUM
2026-04-26 23:55:00,356,0.2202,1.1833,0.0444,48.0,MEDIUM
2026-04-26 23:55:00,357,0.2355,1.0795,0.0444,48.0,MEDIUM
2026-04-26 23:55:00,358,0.2279,1.1007,0.0444,48.0,MEDIUM
2026-04-26 23:55:00,359,0.2427,1.0773,0.0444,48.0,MEDIUM
2026-04-26 23:55:00,360,0.2207,1.1447,0.0444,48.0,MEDIUM
2026-04-26 23:55:00,361,0.2136,1.1463,0.0444,48.0,MEDIUM
2026-04-26 23:55:00,362,0.2192,1.0748,0.0444,48.0,MEDIUM
2026-04-26 23:55:00,363,0.2234,1.0991,0.0444,48.0,MEDIUM
2026-04-26 23:55:00,364,0.2371,1.0733,0.0444,48.0,MEDIUM
2026-04-26 23:55:00,365,0.2373,1.0516,0.0444,48.0,MEDIUM
2026-04-26 23:55:00,366,0.2166,1.0975,0.0444,48.0,MEDIUM
2026-04-26 23:55:00,367,0.218,1.089,0.0444,48.0,MEDIUM
2026-04-26 23:55:00,368,0.2118,1.0316,0.0444,48.0,MEDIUM
2026-04-26 23:55:00,369,0.2194,1.01,0.0444,48.0,MEDIUM
2026-04-26 23:55:00,370,0.2315,1.1194,0.0444,48.0,MEDIUM
2026-04-26 23:55:00,371,0.2185,1.1516,0.0444,48.0,MEDIUM
2026-04-26 23:55:00,372,0.2249,1.0896,0.0444,48.0,MEDIUM
2026-04-26 23:55:00,373,0.2042,1.0744,0.0556,60.0,MEDIUM
2026-04-26 23:55:00,374,0.1994,1.0669,0.0667,60.0,MEDIUM
2026-04-26 23:55:00,375,0.2047,1.0812,0.0778,48.0,MEDIUM
2026-04-26 23:55:00,376,0.214,1.0609,0.0778,48.0,MEDIUM
2026-04-26 23:55:01,377,0.2183,0.9558,0.0778,48.0,MEDIUM
2026-04-26 23:55:01,378,0.2292,0.9984,0.0778,48.0,MEDIUM
2026-04-26 23:55:01,379,0.2369,0.9336,0.0778,48.0,MEDIUM
2026-04-26 23:55:01,380,0.2249,0.9647,0.0778,48.0,MEDIUM
2026-04-26 23:55:01,381,0.2139,0.8291,0.0778,48.0,MEDIUM
2026-04-26 23:55:01,382,0.2075,0.9627,0.0889,60.0,MEDIUM
2026-04-26 23:55:01,383,0.2113,0.9257,0.0889,60.0,MEDIUM
2026-04-26 23:55:01,384,0.1741,1.0235,0.1,72.0,MEDIUM
2026-04-26 23:55:01,385,0.1912,0.9539,0.1111,72.0,MEDIUM
2026-04-26 23:55:01,386,0.191,0.8675,0.1222,72.0,MEDIUM
2026-04-26 23:55:01,387,0.21,0.7655,0.1222,72.0,MEDIUM
2026-04-26 23:55:01,388,0.2011,0.9128,0.1333,84.0,MEDIUM
2026-04-26 23:55:01,389,0.1955,0.5819,0.1444,84.0,NORMAL
2026-04-26 23:55:01,390,0.2071,0.7105,0.1556,84.0,HIGH
2026-04-26 23:55:01,391,0.1959,0.784,0.1667,84.0,HIGH
2026-04-26 23:55:01,392,0.2022,0.7977,0.1778,84.0,HIGH
2026-04-26 23:55:01,393,0.1873,0.7262,0.1889,84.0,HIGH
2026-04-26 23:55:01,394,0.1982,0.4953,0.2,84.0,HIGH
2026-04-26 23:55:01,395,0.1893,0.6521,0.2111,84.0,HIGH
2026-04-26 23:55:01,396,0.1995,0.7629,0.2222,84.0,HIGH
2026-04-26 23:55:01,397,0.1944,0.564,0.2333,84.0,HIGH
2026-04-26 23:55:01,398,0.1926,0.1622,0.2444,84.0,HIGH
2026-04-26 23:55:01,399,0.1899,0.536,0.2556,84.0,HIGH
2026-04-26 23:55:01,400,0.1777,0.352,0.2667,84.0,HIGH
2026-04-26 23:55:01,401,0.1919,0.43,0.2778,84.0,HIGH
2026-04-26 23:55:01,402,0.2112,0.6217,0.2778,84.0,HIGH
2026-04-26 23:55:01,403,0.2167,0.6497,0.2778,84.0,HIGH
2026-04-26 23:55:01,404,0.1947,0.7885,0.2889,96.0,HIGH
2026-04-26 23:55:01,405,0.2035,0.6993,0.3,96.0,HIGH
2026-04-26 23:55:01,406,0.1937,0.7473,0.3111,96.0,CRITICAL
2026-04-26 23:55:01,407,0.2048,0.7167,0.3222,96.0,CRITICAL
2026-04-26 23:55:02,408,0.1973,0.8284,0.3333,96.0,CRITICAL
2026-04-26 23:55:02,409,0.2164,0.9258,0.3333,96.0,CRITICAL
2026-04-26 23:55:02,410,0.2223,0.8302,0.3333,96.0,CRITICAL
2026-04-26 23:55:02,411,0.2137,0.8472,0.3333,96.0,CRITICAL
2026-04-26 23:55:02,412,0.2209,0.8098,0.3333,96.0,CRITICAL
2026-04-26 23:55:02,413,0.22,1.0218,0.3333,96.0,CRITICAL
2026-04-26 23:55:02,414,0.2308,0.8101,0.3333,96.0,CRITICAL
2026-04-26 23:55:02,415,0.2312,0.8093,0.3333,96.0,CRITICAL
2026-04-26 23:55:02,416,0.2361,0.7617,0.3333,96.0,CRITICAL
2026-04-26 23:55:02,417,0.2436,0.7353,0.3333,96.0,CRITICAL
2026-04-26 23:55:02,418,0.2309,0.7191,0.3333,96.0,CRITICAL
2026-04-26 23:55:02,419,0.2624,0.7264,0.3333,96.0,CRITICAL
2026-04-26 23:55:02,420,0.2632,0.5935,0.3333,96.0,CRITICAL
2026-04-26 23:55:02,421,0.2491,0.5937,0.3333,96.0,CRITICAL
2026-04-26 23:55:02,422,0.2511,0.3976,0.3333,96.0,CRITICAL
2026-04-26 23:55:02,423,0.2452,0.4149,0.3333,96.0,CRITICAL
2026-04-26 23:55:02,424,0.2582,0.3516,0.3333,96.0,CRITICAL
2026-04-26 23:55:02,425,0.254,0.3735,0.3333,96.0,CRITICAL
2026-04-26 23:55:02,426,0.2367,0.3055,0.3333,96.0,CRITICAL
2026-04-26 23:55:02,427,0.2511,0.2222,0.3333,96.0,CRITICAL
2026-04-26 23:55:02,428,0.2462,0.2086,0.3333,96.0,CRITICAL
2026-04-26 23:55:02,429,0.255,0.209,0.3333,96.0,CRITICAL
2026-04-26 23:55:02,430,0.2571,0.2282,0.3333,96.0,CRITICAL
2026-04-26 23:55:02,431,0.2534,0.167,0.3333,96.0,CRITICAL
2026-04-26 23:55:02,432,0.2464,0.1538,0.3222,96.0,CRITICAL
2026-04-26 23:55:02,433,0.2516,0.1063,0.3222,96.0,CRITICAL
2026-04-26 23:55:02,434,0.2633,0.0537,0.3222,96.0,CRITICAL
2026-04-26 23:55:02,435,0.2564,0.0532,0.3222,96.0,CRITICAL
2026-04-26 23:55:02,436,0.2729,0.0217,0.3222,96.0,CRITICAL
2026-04-26 23:55:03,437,0.2557,0.0217,0.3222,96.0,CRITICAL
2026-04-26 23:55:03,438,0.279,0.0108,0.3111,96.0,CRITICAL
2026-04-26 23:55:03,439,0.2693,0.0109,0.3,96.0,HIGH
2026-04-26 23:55:03,440,0.2478,0.0109,0.3,96.0,HIGH
2026-04-26 23:55:03,441,0.2503,0.0106,0.2889,96.0,HIGH
2026-04-26 23:55:03,442,0.2792,0.0,0.2889,96.0,HIGH
2026-04-26 23:55:03,443,0.277,0.0105,0.2889,96.0,HIGH
2026-04-26 23:55:03,444,0.2821,0.0322,0.2889,96.0,HIGH
2026-04-26 23:55:03,445,0.2777,0.0,0.2889,96.0,HIGH
2026-04-26 23:55:03,446,0.2713,0.0109,0.2889,96.0,HIGH
2026-04-26 23:55:03,447,0.2792,0.0,0.2889,96.0,HIGH
2026-04-26 23:55:03,448,0.2925,0.0107,0.2889,96.0,HIGH
2026-04-26 23:55:03,449,0.2848,0.0,0.2889,96.0,HIGH
2026-04-26 23:55:03,450,0.2848,0.0,0.2889,96.0,HIGH
2026-04-26 23:55:03,451,0.2869,0.0,0.2889,96.0,HIGH
2026-04-26 23:55:03,452,0.2959,0.0,0.2889,96.0,HIGH
2026-04-26 23:55:03,453,0.2822,0.011,0.2889,96.0,HIGH
2026-04-26 23:55:03,454,0.2787,0.0111,0.2889,96.0,HIGH
2026-04-26 23:55:03,455,0.276,0.0107,0.2889,96.0,HIGH
2026-04-26 23:55:03,456,0.2982,0.0108,0.2889,96.0,HIGH
2026-04-26 23:55:03,457,0.2935,0.0,0.2889,96.0,HIGH
2026-04-26 23:55:03,458,0.2813,0.0222,0.2889,96.0,HIGH
2026-04-26 23:55:03,459,0.282,0.0336,0.2889,96.0,HIGH
2026-04-26 23:55:03,460,0.2901,0.011,0.2889,96.0,HIGH
2026-04-26 23:55:03,461,0.291,0.0111,0.2889,96.0,HIGH
2026-04-26 23:55:03,462,0.2841,0.0,0.2889,96.0,HIGH
2026-04-26 23:55:03,463,0.2957,0.0,0.2778,96.0,HIGH
2026-04-26 23:55:03,464,0.2892,0.0,0.2667,96.0,HIGH
2026-04-26 23:55:03,465,0.3011,0.0,0.2556,96.0,HIGH
2026-04-26 23:55:03,466,0.291,0.0111,0.2556,96.0,HIGH
2026-04-26 23:55:04,467,0.2963,0.0,0.2556,96.0,HIGH
2026-04-26 23:55:04,468,0.2946,0.0,0.2556,96.0,HIGH
2026-04-26 23:55:04,469,0.2915,0.0111,0.2556,96.0,HIGH
2026-04-26 23:55:04,470,0.291,0.0113,0.2556,96.0,HIGH
2026-04-26 23:55:04,471,0.3087,0.0,0.2556,96.0,HIGH
2026-04-26 23:55:04,472,0.2931,0.0135,0.2444,96.0,HIGH
2026-04-26 23:55:04,473,0.3102,0.0,0.2444,96.0,HIGH
2026-04-26 23:55:04,474,0.2895,0.0,0.2333,96.0,HIGH
2026-04-26 23:55:04,475,0.3027,0.0,0.2222,96.0,HIGH
2026-04-26 23:55:04,476,0.2653,0.0,0.2111,96.0,HIGH
2026-04-26 23:55:04,477,0.2751,0.0112,0.2111,96.0,HIGH
2026-04-26 23:55:04,478,0.2339,0.0147,0.2,96.0,HIGH
2026-04-26 23:55:04,479,0.2349,0.0149,0.1889,96.0,HIGH
2026-04-26 23:55:04,480,0.1972,0.0101,0.1889,108.0,HIGH
2026-04-26 23:55:04,481,0.1897,0.0,0.1889,108.0,HIGH
2026-04-26 23:55:04,482,0.1834,0.0103,0.1889,108.0,HIGH
2026-04-26 23:55:04,483,0.1632,0.0,0.1889,108.0,HIGH
2026-04-26 23:55:04,484,0.1651,0.015,0.1889,108.0,HIGH
2026-04-26 23:55:04,485,0.1654,0.0111,0.1889,108.0,HIGH
2026-04-26 23:55:04,486,0.1533,0.0233,0.1889,108.0,HIGH
2026-04-26 23:55:04,487,0.1439,0.0109,0.1889,108.0,HIGH
2026-04-26 23:55:04,488,0.1524,0.015,0.1889,108.0,HIGH
2026-04-26 23:55:04,489,0.1553,0.0106,0.1889,108.0,HIGH
2026-04-26 23:55:04,490,0.1522,0.0106,0.1889,108.0,HIGH
2026-04-26 23:55:04,491,0.1438,0.0105,0.1889,96.0,HIGH
2026-04-26 23:55:04,492,0.1458,0.0109,0.2,96.0,HIGH
2026-04-26 23:55:04,493,0.1489,0.0,0.2111,96.0,HIGH
2026-04-26 23:55:04,494,0.1462,0.0109,0.2111,96.0,HIGH
2026-04-26 23:55:04,495,0.1542,0.0155,0.2111,96.0,HIGH
2026-04-26 23:55:04,496,0.1523,0.0106,0.2111,96.0,HIGH
2026-04-26 23:55:04,497,0.1491,0.015,0.2111,84.0,HIGH
2026-04-26 23:55:05,498,0.1511,0.0153,0.2111,84.0,HIGH
2026-04-26 23:55:05,499,0.1426,0.0,0.2222,84.0,HIGH
2026-04-26 23:55:05,500,0.1581,0.0,0.2333,72.0,HIGH
2026-04-26 23:55:05,501,0.1568,0.0,0.2444,72.0,HIGH
2026-04-26 23:55:05,502,0.1532,0.0114,0.2556,72.0,HIGH
2026-04-26 23:55:05,503,0.1534,0.0232,0.2667,72.0,HIGH
2026-04-26 23:55:05,504,0.1484,0.0,0.2778,72.0,HIGH
2026-04-26 23:55:05,505,0.1444,0.0254,0.2889,72.0,HIGH
2026-04-26 23:55:05,506,0.157,0.0115,0.3,72.0,HIGH
2026-04-26 23:55:05,507,0.1774,0.0111,0.3111,72.0,CRITICAL
2026-04-26 23:55:05,508,0.1763,0.0112,0.3222,72.0,CRITICAL
2026-04-26 23:55:05,509,0.179,0.0112,0.3333,72.0,CRITICAL
2026-04-26 23:55:05,510,0.1722,0.0161,0.3444,72.0,CRITICAL
2026-04-26 23:55:05,511,0.1827,0.0115,0.3556,72.0,CRITICAL
2026-04-26 23:55:05,512,0.2369,0.0116,0.3556,72.0,CRITICAL
2026-04-26 23:55:05,513,0.2356,0.0,0.3556,72.0,CRITICAL
2026-04-26 23:55:05,514,0.2224,0.0,0.3556,72.0,CRITICAL
2026-04-26 23:55:05,515,0.2209,0.0119,0.3556,72.0,CRITICAL
2026-04-26 23:55:05,516,0.2657,0.0,0.3556,72.0,CRITICAL
2026-04-26 23:55:05,517,0.2628,0.0162,0.3556,72.0,CRITICAL
2026-04-26 23:55:05,518,0.2736,0.0164,0.3556,72.0,CRITICAL
2026-04-26 23:55:05,519,0.2736,0.0115,0.3556,72.0,CRITICAL
2026-04-26 23:55:05,520,0.2761,0.0,0.3556,72.0,CRITICAL
2026-04-26 23:55:05,521,0.2815,0.0107,0.3556,72.0,CRITICAL
2026-04-26 23:55:05,522,0.2765,0.0107,0.3556,60.0,CRITICAL
2026-04-26 23:55:05,523,0.288,0.0,0.3556,60.0,CRITICAL
2026-04-26 23:55:05,524,0.2821,0.0,0.3556,60.0,CRITICAL
2026-04-26 23:55:05,525,0.2919,0.0,0.3556,60.0,CRITICAL
2026-04-26 23:55:05,526,0.2835,0.0112,0.3556,60.0,CRITICAL
2026-04-26 23:55:05,527,0.2862,0.0,0.3556,60.0,CRITICAL
2026-04-26 23:55:06,528,0.288,0.0,0.3556,60.0,CRITICAL
2026-04-26 23:55:06,529,0.2892,0.0,0.3556,60.0,CRITICAL
2026-04-26 23:55:06,530,0.3087,0.0227,0.3556,60.0,CRITICAL
2026-04-26 23:55:06,531,0.3014,0.0256,0.3556,48.0,CRITICAL
2026-04-26 23:55:06,532,0.3175,0.0,0.3556,48.0,CRITICAL
2026-04-26 23:55:06,533,0.3071,0.0,0.3556,36.0,CRITICAL
2026-04-26 23:55:06,534,0.3067,0.0,0.3556,36.0,CRITICAL
2026-04-26 23:55:06,535,0.3005,0.0,0.3556,36.0,CRITICAL
2026-04-26 23:55:06,536,0.3033,0.0112,0.3556,36.0,CRITICAL
2026-04-26 23:55:06,537,0.3033,0.0159,0.3556,24.0,CRITICAL
2026-04-26 23:55:06,538,0.3249,0.0245,0.3556,24.0,CRITICAL
2026-04-26 23:55:06,539,0.3195,0.0113,0.3556,24.0,CRITICAL
2026-04-26 23:55:06,540,0.3156,0.0,0.3556,24.0,CRITICAL
2026-04-26 23:55:06,541,0.3049,0.0109,0.3556,24.0,CRITICAL
2026-04-26 23:55:06,542,0.3147,0.0217,0.3556,24.0,CRITICAL
2026-04-26 23:55:06,543,0.3019,0.0115,0.3556,24.0,CRITICAL
2026-04-26 23:55:06,544,0.3035,0.0116,0.3556,24.0,CRITICAL
2026-04-26 23:55:06,545,0.3092,0.0111,0.3556,24.0,CRITICAL
2026-04-26 23:55:06,546,0.3161,0.0106,0.3556,24.0,CRITICAL
2026-04-26 23:55:06,547,0.3161,0.0152,0.3556,24.0,CRITICAL
2026-04-26 23:55:06,548,0.3063,0.0,0.3556,24.0,CRITICAL
2026-04-26 23:55:06,549,0.3027,0.0,0.3556,24.0,CRITICAL
2026-04-26 23:55:06,550,0.2852,0.0,0.3556,24.0,CRITICAL
2026-04-26 23:55:06,551,0.2884,0.0,0.3556,24.0,CRITICAL
2026-04-26 23:55:06,552,0.2164,0.0113,0.3556,24.0,CRITICAL
2026-04-26 23:55:06,553,0.2362,0.0,0.3556,12.0,CRITICAL
2026-04-26 23:55:06,554,0.235,0.0108,0.3556,12.0,CRITICAL
2026-04-26 23:55:06,555,0.2662,0.0116,0.3556,12.0,CRITICAL
2026-04-26 23:55:06,556,0.267,0.0,0.3556,12.0,CRITICAL
2026-04-26 23:55:07,557,0.2731,0.0,0.3556,12.0,CRITICAL
2026-04-26 23:55:07,558,0.2688,0.0113,0.3556,12.0,CRITICAL
2026-04-26 23:55:07,559,0.2917,0.0347,0.3556,12.0,CRITICAL
2026-04-26 23:55:07,560,0.29,0.0222,0.3556,12.0,CRITICAL
2026-04-26 23:55:07,561,0.2924,0.0112,0.3556,12.0,CRITICAL
2026-04-26 23:55:07,562,0.2946,0.0,0.3556,12.0,CRITICAL
2026-04-26 23:55:07,563,0.2859,0.0,0.3556,12.0,CRITICAL
2026-04-26 23:55:07,564,0.2965,0.0224,0.3556,12.0,CRITICAL
2026-04-26 23:55:07,565,0.2958,0.0337,0.3556,12.0,CRITICAL
2026-04-26 23:55:07,566,0.2933,0.0115,0.3556,12.0,CRITICAL
2026-04-26 23:55:07,567,0.2898,0.0115,0.3556,12.0,CRITICAL
2026-04-26 23:55:07,568,0.2809,0.0113,0.3556,12.0,CRITICAL
2026-04-26 23:55:07,569,0.284,0.0115,0.3556,12.0,CRITICAL
2026-04-26 23:55:07,570,0.2996,0.0,0.3444,12.0,CRITICAL
2026-04-26 23:55:07,571,0.2965,0.0113,0.3333,12.0,CRITICAL
2026-04-26 23:55:07,572,0.3043,0.0112,0.3222,12.0,CRITICAL
2026-04-26 23:55:07,573,0.2993,0.0112,0.3111,12.0,CRITICAL
2026-04-26 23:55:07,574,0.2981,0.0112,0.3,12.0,HIGH
2026-04-26 23:55:07,575,0.2944,0.016,0.2889,12.0,HIGH
2026-04-26 23:55:07,576,0.2984,0.0,0.2778,12.0,HIGH
2026-04-26 23:55:07,577,0.2962,0.0,0.2667,12.0,HIGH
2026-04-26 23:55:07,578,0.2962,0.0,0.2556,12.0,HIGH
2026-04-26 23:55:07,579,0.3084,0.0,0.2444,12.0,HIGH
2026-04-26 23:55:07,580,0.3072,0.0,0.2333,12.0,HIGH
2026-04-26 23:55:07,581,0.2989,0.0,0.2222,12.0,HIGH
2026-04-26 23:55:07,582,0.3024,0.0,0.2111,12.0,HIGH
2026-04-26 23:55:07,583,0.2978,0.0227,0.2,12.0,HIGH
2026-04-26 23:55:07,584,0.285,0.0,0.1889,12.0,HIGH
2026-04-26 23:55:07,585,0.2877,0.0,0.1778,12.0,HIGH
2026-04-26 23:55:07,586,0.2943,0.0,0.1667,12.0,HIGH
2026-04-26 23:55:08,587,0.2925,0.0112,0.1556,12.0,HIGH
2026-04-26 23:55:08,588,0.306,0.0109,0.1444,12.0,NORMAL
2026-04-26 23:55:08,589,0.2967,0.011,0.1333,12.0,NORMAL
2026-04-26 23:55:08,590,0.2985,0.0,0.1222,12.0,NORMAL
2026-04-26 23:55:08,591,0.2902,0.0112,0.1111,12.0,NORMAL
2026-04-26 23:55:08,592,0.2954,0.0,0.1,12.0,NORMAL
2026-04-26 23:55:08,593,0.3073,0.0115,0.0889,12.0,NORMAL
2026-04-26 23:55:08,594,0.3063,0.0115,0.0778,12.0,NORMAL
2026-04-26 23:55:08,595,0.3051,0.0,0.0667,12.0,NORMAL
2026-04-26 23:55:08,596,0.3007,0.0162,0.0556,12.0,NORMAL
2026-04-26 23:55:08,597,0.2996,0.0111,0.0444,12.0,NORMAL
2026-04-26 23:55:08,598,0.2967,0.0112,0.0333,12.0,NORMAL
2026-04-26 23:55:08,599,0.3228,0.0,0.0222,12.0,NORMAL
2026-04-26 23:55:08,600,0.3001,0.0,0.0111,12.0,NORMAL
2026-04-26 23:55:08,601,0.2995,0.0,0.0,12.0,NORMAL
2026-04-26 23:55:08,602,0.2962,0.0332,0.0,12.0,NORMAL
2026-04-26 23:55:08,603,0.2962,0.0222,0.0,12.0,NORMAL
2026-04-26 23:55:08,604,0.3121,0.0,0.0,12.0,NORMAL
2026-04-26 23:55:08,605,0.3121,0.0,0.0,12.0,NORMAL
2026-04-26 23:55:08,606,0.2892,0.0,0.0,12.0,NORMAL
2026-04-26 23:55:08,607,0.2973,0.0,0.0,12.0,NORMAL
2026-04-26 23:55:08,608,0.3055,0.0359,0.0,12.0,NORMAL
2026-04-26 23:55:08,609,0.3091,0.0229,0.0,12.0,NORMAL
2026-04-26 23:55:08,610,0.3291,0.0115,0.0,12.0,NORMAL
2026-04-26 23:55:08,611,0.3216,0.0115,0.0,12.0,NORMAL
2026-04-26 23:55:08,612,0.3245,0.0336,0.0,12.0,NORMAL
2026-04-26 23:55:08,613,0.311,0.0,0.0,12.0,NORMAL
2026-04-26 23:55:08,614,0.3071,0.0,0.0,12.0,NORMAL
2026-04-26 23:55:08,615,0.3124,0.0,0.0,12.0,NORMAL
2026-04-26 23:55:08,616,0.3058,0.0,0.0,12.0,NORMAL
2026-04-26 23:55:09,617,0.3012,0.0224,0.0,12.0,NORMAL
2026-04-26 23:55:09,618,0.3076,0.0224,0.0,12.0,NORMAL
2026-04-26 23:55:09,619,0.3089,0.0112,0.0,12.0,NORMAL
2026-04-26 23:55:09,620,0.3078,0.0111,0.0,12.0,NORMAL
2026-04-26 23:55:09,621,0.3095,0.0112,0.0,12.0,NORMAL
2026-04-26 23:55:09,622,0.3074,0.016,0.0,12.0,NORMAL
2026-04-26 23:55:09,623,0.2984,0.016,0.0,12.0,NORMAL
2026-04-26 23:55:09,624,0.2923,0.0157,0.0,12.0,NORMAL
2026-04-26 23:55:09,625,0.3012,0.0157,0.0,12.0,NORMAL
2026-04-26 23:55:09,626,0.3061,0.0112,0.0,12.0,NORMAL
2026-04-26 23:55:09,627,0.3062,0.0,0.0,12.0,NORMAL
2026-04-26 23:55:09,628,0.3072,0.0221,0.0,12.0,NORMAL
2026-04-26 23:55:09,629,0.2933,0.025,0.0,0.0,NORMAL
2026-04-26 23:55:09,630,0.2994,0.025,0.0,0.0,NORMAL
2026-04-26 23:55:09,631,0.2883,0.0115,0.0,0.0,NORMAL
2026-04-26 23:55:09,632,0.2773,0.0116,0.0,0.0,NORMAL
2026-04-26 23:55:09,633,0.2868,0.016,0.0,0.0,NORMAL
2026-04-26 23:55:09,634,0.292,0.0,0.0,0.0,NORMAL
2026-04-26 23:55:09,635,0.2971,0.0,0.0,0.0,NORMAL
2026-04-26 23:55:09,636,0.3001,0.0112,0.0,0.0,NORMAL
2026-04-26 23:55:09,637,0.2954,0.0,0.0,0.0,NORMAL
2026-04-26 23:55:09,638,0.2761,0.0,0.0,0.0,NORMAL
2026-04-26 23:55:09,639,0.2698,0.0,0.0,0.0,NORMAL
2026-04-26 23:55:09,640,0.2784,0.0115,0.0,0.0,NORMAL
2026-04-26 23:55:09,641,0.2788,0.0235,0.0,0.0,NORMAL
2026-04-26 23:55:09,642,0.3023,0.0,0.0,0.0,NORMAL
2026-04-26 23:55:09,643,0.2942,0.0128,0.0,0.0,NORMAL
2026-04-26 23:55:09,644,0.2962,0.0463,0.0,0.0,NORMAL
2026-04-26 23:55:09,645,0.2757,0.026,0.0,0.0,NORMAL
2026-04-26 23:55:09,646,0.3057,0.0,0.0,0.0,NORMAL
2026-04-26 23:55:09,647,0.2887,0.0125,0.0,0.0,NORMAL
2026-04-26 23:55:10,648,0.3017,0.0127,0.0,0.0,NORMAL
2026-04-26 23:55:10,649,0.3253,0.0294,0.0,0.0,NORMAL
2026-04-26 23:55:10,650,0.3192,0.0126,0.0,0.0,NORMAL
2026-04-26 23:55:10,651,0.2915,0.0,0.0,0.0,NORMAL
2026-04-26 23:55:10,652,0.2904,0.0128,0.0,0.0,NORMAL
2026-04-26 23:55:10,653,0.2475,0.0254,0.0,0.0,NORMAL
2026-04-26 23:55:10,654,0.2619,0.0114,0.0,0.0,NORMAL
2026-04-26 23:55:10,655,0.2067,0.0,0.0111,12.0,NORMAL
2026-04-26 23:55:10,656,0.2106,0.0452,0.0111,12.0,NORMAL
2026-04-26 23:55:10,657,0.2083,0.0113,0.0222,24.0,NORMAL
2026-04-26 23:55:10,658,0.2149,0.0222,0.0222,24.0,NORMAL
2026-04-26 23:55:11,659,0.2285,0.0,0.0222,24.0,NORMAL
2026-04-26 23:55:11,660,0.2199,0.0,0.0222,24.0,NORMAL
2026-04-26 23:55:11,661,0.2446,0.0091,0.0222,24.0,NORMAL
2026-04-26 23:55:11,662,0.2437,0.0098,0.0222,24.0,NORMAL
2026-04-26 23:55:11,663,0.2556,0.0087,0.0222,24.0,NORMAL
2026-04-26 23:55:11,664,0.2452,0.0358,0.0222,24.0,NORMAL
2026-04-26 23:55:11,665,0.2571,0.0121,0.0222,24.0,NORMAL
2026-04-26 23:55:11,666,0.2284,0.0,0.0222,24.0,NORMAL
2026-04-26 23:55:11,667,0.2298,0.0087,0.0222,24.0,NORMAL
2026-04-26 23:55:11,668,0.2521,0.0,0.0222,24.0,NORMAL
2026-04-26 23:55:11,669,0.2424,0.045,0.0222,24.0,NORMAL
2026-04-26 23:55:11,670,0.2373,0.0547,0.0222,24.0,NORMAL
2026-04-26 23:55:11,671,0.2653,0.0088,0.0222,24.0,NORMAL
2026-04-26 23:55:11,672,0.2333,0.0,0.0222,24.0,NORMAL
2026-04-26 23:55:11,673,0.2381,0.0,0.0222,24.0,NORMAL
2026-04-26 23:55:11,674,0.2506,0.0373,0.0222,24.0,NORMAL
2026-04-26 23:55:11,675,0.2566,0.0274,0.0222,24.0,NORMAL
2026-04-26 23:55:11,676,0.2621,0.0124,0.0222,24.0,NORMAL
2026-04-26 23:55:11,677,0.256,0.0086,0.0222,24.0,NORMAL
2026-04-26 23:55:11,678,0.2657,0.0619,0.0222,24.0,NORMAL
2026-04-26 23:55:11,679,0.266,0.0,0.0222,24.0,NORMAL
2026-04-26 23:55:11,680,0.259,0.0,0.0222,24.0,NORMAL
2026-04-26 23:55:11,681,0.2593,0.0515,0.0222,24.0,NORMAL
2026-04-26 23:55:12,682,0.2525,0.0352,0.0222,24.0,NORMAL
2026-04-26 23:55:12,683,0.2453,0.0126,0.0222,24.0,NORMAL
2026-04-26 23:55:12,684,0.2531,0.0089,0.0222,24.0,NORMAL
2026-04-26 23:55:12,685,0.2671,0.0168,0.0222,24.0,NORMAL
2026-04-26 23:55:12,686,0.2399,0.0856,0.0222,24.0,NORMAL
2026-04-26 23:55:12,687,0.2437,0.036,0.0222,24.0,NORMAL
2026-04-26 23:55:12,688,0.2277,0.0083,0.0222,24.0,NORMAL
2026-04-26 23:55:12,689,0.2439,0.0085,0.0222,24.0,NORMAL
2026-04-26 23:55:12,690,0.224,0.0364,0.0222,24.0,NORMAL
2026-04-26 23:55:12,691,0.2175,0.0269,0.0222,24.0,NORMAL
2026-04-26 23:55:12,692,0.2434,0.0087,0.0222,24.0,NORMAL
2026-04-26 23:55:12,693,0.2593,0.0,0.0222,24.0,NORMAL
2026-04-26 23:55:12,694,0.2363,0.0169,0.0222,24.0,NORMAL
2026-04-26 23:55:12,695,0.2399,0.0251,0.0222,24.0,NORMAL
2026-04-26 23:55:12,696,0.2391,0.0124,0.0222,24.0,NORMAL
2026-04-26 23:55:12,697,0.2675,0.0,0.0222,24.0,NORMAL
2026-04-26 23:55:12,698,0.2729,0.0,0.0222,24.0,NORMAL
2026-04-26 23:55:12,699,0.2833,0.0088,0.0222,24.0,NORMAL
2026-04-26 23:55:12,700,0.2876,0.0,0.0222,24.0,NORMAL
2026-04-26 23:55:12,701,0.2715,0.0,0.0222,24.0,NORMAL
2026-04-26 23:55:12,702,0.2733,0.0128,0.0222,24.0,NORMAL
2026-04-26 23:55:12,703,0.2473,0.0098,0.0222,24.0,NORMAL
2026-04-26 23:55:12,704,0.2496,0.0,0.0222,24.0,NORMAL
2026-04-26 23:55:12,705,0.3071,0.0096,0.0222,24.0,NORMAL
2026-04-26 23:55:12,706,0.3057,0.0103,0.0222,24.0,NORMAL
2026-04-26 23:55:12,707,0.3217,0.0429,0.0222,24.0,NORMAL
2026-04-26 23:55:12,708,0.3614,0.0149,0.0222,24.0,NORMAL
2026-04-26 23:55:12,709,0.3641,0.0112,0.0222,24.0,NORMAL
2026-04-26 23:55:12,710,0.3734,0.0515,0.0222,24.0,NORMAL
2026-04-26 23:55:12,711,0.3684,0.0217,0.0222,24.0,NORMAL
2026-04-26 23:55:13,712,0.3502,0.0157,0.0222,24.0,NORMAL
2026-04-26 23:55:13,713,0.3716,0.0,0.0222,24.0,NORMAL
2026-04-26 23:55:13,714,0.3326,0.0,0.0222,24.0,NORMAL
2026-04-26 23:55:13,715,0.3571,0.0112,0.0222,24.0,NORMAL
2026-04-26 23:55:13,716,0.3428,0.0109,0.0222,24.0,NORMAL
2026-04-26 23:55:13,717,0.2919,0.011,0.0222,24.0,NORMAL
2026-04-26 23:55:13,718,0.2881,0.0105,0.0222,24.0,NORMAL
2026-04-26 23:55:13,719,0.2975,0.0,0.0222,24.0,NORMAL
2026-04-26 23:55:13,720,0.2838,0.0,0.0222,24.0,NORMAL
2026-04-26 23:55:13,721,0.2758,0.0,0.0222,24.0,NORMAL
2026-04-26 23:55:13,722,0.2849,0.0,0.0222,24.0,NORMAL
2026-04-26 23:55:13,723,0.2999,0.0101,0.0222,24.0,NORMAL
2026-04-26 23:55:13,724,0.3016,0.0102,0.0222,24.0,NORMAL
2026-04-26 23:55:13,725,0.2654,0.0,0.0222,24.0,NORMAL
2026-04-26 23:55:13,726,0.2766,0.0146,0.0222,24.0,NORMAL
2026-04-26 23:55:13,727,0.248,0.0,0.0222,24.0,NORMAL
2026-04-26 23:55:13,728,0.2585,0.0,0.0222,24.0,NORMAL
2026-04-26 23:55:13,729,0.2604,0.0095,0.0222,24.0,NORMAL
2026-04-26 23:55:13,730,0.2348,0.0,0.0222,24.0,NORMAL
2026-04-26 23:55:13,731,0.2275,0.0,0.0222,24.0,NORMAL
2026-04-26 23:55:13,732,0.2275,0.0101,0.0222,24.0,NORMAL
2026-04-26 23:55:13,733,0.23,0.0101,0.0222,24.0,NORMAL
2026-04-26 23:55:13,734,0.1899,0.0,0.0333,36.0,NORMAL
2026-04-26 23:55:13,735,0.1965,0.0,0.0444,36.0,NORMAL
2026-04-26 23:55:13,736,0.1993,0.0,0.0556,36.0,NORMAL
2026-04-26 23:55:13,737,0.2006,0.0,0.0667,36.0,NORMAL
2026-04-26 23:55:13,738,0.1958,0.01,0.0778,36.0,NORMAL
2026-04-26 23:55:13,739,0.1938,0.0,0.0889,36.0,NORMAL
2026-04-26 23:55:14,740,0.1917,0.0099,0.1,36.0,NORMAL
2026-04-26 23:55:14,741,0.1913,0.0,0.1111,36.0,NORMAL
2026-04-26 23:55:14,742,0.1919,0.0,0.1222,36.0,NORMAL
2026-04-26 23:55:14,743,0.1759,0.0,0.1333,36.0,NORMAL
2026-04-26 23:55:14,744,0.1815,0.0102,0.1444,36.0,LOW
2026-04-26 23:55:14,745,0.1481,0.0104,0.1444,36.0,LOW
2026-04-26 23:55:14,746,0.1457,0.0,0.1556,36.0,HIGH
2026-04-26 23:55:14,747,0.1775,0.0,0.1556,36.0,HIGH
2026-04-26 23:55:14,748,0.1779,0.0,0.1667,36.0,HIGH
2026-04-26 23:55:14,749,0.1755,0.0,0.1778,36.0,HIGH
2026-04-26 23:55:14,750,0.1645,0.0,0.1889,36.0,HIGH
2026-04-26 23:55:14,751,0.181,0.0,0.2,36.0,HIGH
2026-04-26 23:55:14,752,0.1643,0.0,0.2111,36.0,HIGH
2026-04-26 23:55:14,753,0.1693,0.0115,0.2222,36.0,HIGH
2026-04-26 23:55:14,754,0.1684,0.0232,0.2333,36.0,HIGH
2026-04-26 23:55:14,755,0.1673,0.0232,0.2444,36.0,HIGH
2026-04-26 23:55:14,756,0.1557,0.0103,0.2556,36.0,HIGH
2026-04-26 23:55:14,757,0.1605,0.0107,0.2667,36.0,HIGH
2026-04-26 23:55:14,758,0.1491,0.0111,0.2778,36.0,HIGH
2026-04-26 23:55:14,759,0.1524,0.0114,0.2889,36.0,HIGH
2026-04-26 23:55:14,760,0.1642,0.0115,0.3,36.0,HIGH
2026-04-26 23:55:14,761,0.1433,0.0152,0.3111,36.0,CRITICAL
2026-04-26 23:55:14,762,0.1567,0.0114,0.3222,36.0,CRITICAL
2026-04-26 23:55:14,763,0.1357,0.0,0.3333,36.0,CRITICAL
2026-04-26 23:55:14,764,0.145,0.0106,0.3444,36.0,CRITICAL
2026-04-26 23:55:14,765,0.1487,0.0112,0.3556,36.0,CRITICAL
2026-04-26 23:55:14,766,0.1548,0.0105,0.3667,36.0,CRITICAL
2026-04-26 23:55:14,767,0.1511,0.0105,0.3778,36.0,CRITICAL
2026-04-26 23:55:14,768,0.1691,0.0111,0.3889,36.0,CRITICAL
2026-04-26 23:55:14,769,0.1551,0.0,0.4,36.0,CRITICAL
2026-04-26 23:55:15,770,0.1768,0.0111,0.4111,36.0,CRITICAL
2026-04-26 23:55:15,771,0.1634,0.0111,0.4222,36.0,CRITICAL
2026-04-26 23:55:15,772,0.1802,0.0114,0.4333,36.0,CRITICAL
2026-04-26 23:55:15,773,0.1816,0.0257,0.4444,36.0,CRITICAL
2026-04-26 23:55:15,774,0.1701,0.0114,0.4556,36.0,CRITICAL
2026-04-26 23:55:15,775,0.1626,0.0112,0.4667,36.0,CRITICAL
2026-04-26 23:55:15,776,0.1594,0.0105,0.4778,36.0,CRITICAL
2026-04-26 23:55:15,777,0.1698,0.0108,0.4889,36.0,CRITICAL
2026-04-26 23:55:15,778,0.1686,0.011,0.5,36.0,CRITICAL
2026-04-26 23:55:15,779,0.1608,0.0,0.5111,36.0,CRITICAL
2026-04-26 23:55:15,780,0.1532,0.0,0.5222,36.0,CRITICAL
2026-04-26 23:55:15,781,0.1559,0.0103,0.5333,36.0,CRITICAL
2026-04-26 23:55:15,782,0.1738,0.0102,0.5444,36.0,CRITICAL
2026-04-26 23:55:15,783,0.162,0.0111,0.5556,36.0,CRITICAL
2026-04-26 23:55:15,784,0.1307,0.0109,0.5667,36.0,CRITICAL
2026-04-26 23:55:15,785,0.131,0.0152,0.5778,36.0,CRITICAL
2026-04-26 23:55:15,786,0.1352,0.0108,0.5889,36.0,CRITICAL
2026-04-26 23:55:15,787,0.1633,0.011,0.6,36.0,CRITICAL
2026-04-26 23:55:15,788,0.1705,0.0107,0.6111,36.0,CRITICAL
2026-04-26 23:55:15,789,0.2214,0.0111,0.6111,36.0,CRITICAL
2026-04-26 23:55:15,790,0.2466,0.0,0.6111,36.0,CRITICAL
2026-04-26 23:55:15,791,0.2626,0.0,0.6111,36.0,CRITICAL
2026-04-26 23:55:15,792,0.2494,0.0155,0.6111,36.0,CRITICAL
2026-04-26 23:55:15,793,0.2595,0.0107,0.6111,36.0,CRITICAL
2026-04-26 23:55:15,794,0.2342,0.0,0.6111,36.0,CRITICAL
2026-04-26 23:55:15,795,0.2375,0.0,0.6111,36.0,CRITICAL
2026-04-26 23:55:15,796,0.1534,0.0,0.6222,48.0,CRITICAL
2026-04-26 23:55:15,797,0.2032,0.0,0.6333,48.0,CRITICAL
2026-04-26 23:55:15,798,0.2254,0.0101,0.6333,48.0,CRITICAL
2026-04-26 23:55:15,799,0.2551,0.01,0.6333,48.0,CRITICAL
2026-04-26 23:55:16,800,0.2622,0.0,0.6333,48.0,CRITICAL
2026-04-26 23:55:16,801,0.2689,0.0525,0.6333,48.0,CRITICAL
2026-04-26 23:55:16,802,0.2738,0.0101,0.6333,48.0,CRITICAL
2026-04-26 23:55:16,803,0.2787,0.0412,0.6333,48.0,CRITICAL
2026-04-26 23:55:16,804,0.2872,0.0309,0.6333,36.0,CRITICAL
2026-04-26 23:55:16,805,0.2878,0.0105,0.6333,36.0,CRITICAL
2026-04-26 23:55:16,806,0.287,0.0,0.6333,24.0,CRITICAL
2026-04-26 23:55:16,807,0.2913,0.0,0.6333,24.0,CRITICAL
2026-04-26 23:55:16,808,0.2733,0.0105,0.6333,24.0,CRITICAL
2026-04-26 23:55:16,809,0.2797,0.021,0.6333,24.0,CRITICAL
2026-04-26 23:55:16,810,0.2971,0.0104,0.6333,24.0,CRITICAL
2026-04-26 23:55:16,811,0.3012,0.0,0.6333,24.0,CRITICAL
2026-04-26 23:55:16,812,0.2878,0.0,0.6333,24.0,CRITICAL
2026-04-26 23:55:16,813,0.2822,0.0206,0.6333,24.0,CRITICAL
2026-04-26 23:55:16,814,0.2733,0.0206,0.6333,24.0,CRITICAL
2026-04-26 23:55:16,815,0.2811,0.0,0.6333,24.0,CRITICAL
2026-04-26 23:55:16,816,0.2836,0.0104,0.6333,24.0,CRITICAL
2026-04-26 23:55:16,817,0.2898,0.0,0.6333,24.0,CRITICAL
2026-04-26 23:55:16,818,0.2809,0.0,0.6333,24.0,CRITICAL
2026-04-26 23:55:16,819,0.2879,0.0,0.6333,24.0,CRITICAL
2026-04-26 23:55:16,820,0.3046,0.0105,0.6333,24.0,CRITICAL
2026-04-26 23:55:16,821,0.2845,0.0,0.6333,24.0,CRITICAL
2026-04-26 23:55:16,822,0.2857,0.0,0.6333,24.0,CRITICAL
2026-04-26 23:55:16,823,0.1711,0.0,0.6444,36.0,CRITICAL
2026-04-26 23:55:16,824,0.1736,0.0,0.6444,36.0,CRITICAL
2026-04-26 23:55:16,825,0.038,0.0106,0.6444,36.0,CRITICAL
2026-04-26 23:55:16,826,0.1581,0.0107,0.6444,36.0,CRITICAL
2026-04-26 23:55:16,827,0.1558,0.0109,0.6444,36.0,CRITICAL
2026-04-26 23:55:16,828,0.2396,0.0,0.6333,36.0,CRITICAL
2026-04-26 23:55:16,829,0.2205,0.0,0.6222,36.0,CRITICAL
2026-04-26 23:55:17,830,0.2473,0.0,0.6111,36.0,CRITICAL
2026-04-26 23:55:17,831,0.2538,0.0105,0.6,36.0,CRITICAL
2026-04-26 23:55:17,832,0.2679,0.0,0.5889,36.0,CRITICAL
2026-04-26 23:55:17,833,0.2609,0.0,0.5778,36.0,CRITICAL
2026-04-26 23:55:17,834,0.2652,0.0,0.5667,36.0,CRITICAL
2026-04-26 23:55:17,835,0.2566,0.0,0.5556,36.0,CRITICAL
2026-04-26 23:55:17,836,0.2668,0.0,0.5444,36.0,CRITICAL
2026-04-26 23:55:17,837,0.2658,0.0,0.5333,36.0,CRITICAL
2026-04-26 23:55:17,838,0.261,0.0,0.5222,36.0,CRITICAL
2026-04-26 23:55:17,839,0.266,0.0109,0.5111,36.0,CRITICAL
2026-04-26 23:55:17,840,0.2703,0.0109,0.5,36.0,CRITICAL
2026-04-26 23:55:17,841,0.2701,0.0105,0.4889,36.0,CRITICAL
2026-04-26 23:55:17,842,0.2776,0.0,0.4778,36.0,CRITICAL
2026-04-26 23:55:17,843,0.2745,0.0,0.4667,36.0,CRITICAL
2026-04-26 23:55:17,844,0.2703,0.0,0.4556,36.0,CRITICAL
2026-04-26 23:55:17,845,0.2779,0.0106,0.4444,36.0,CRITICAL
2026-04-26 23:55:17,846,0.2787,0.0,0.4333,36.0,CRITICAL
2026-04-26 23:55:17,847,0.2777,0.0,0.4222,36.0,CRITICAL
2026-04-26 23:55:17,848,0.2769,0.0,0.4111,36.0,CRITICAL
2026-04-26 23:55:17,849,0.2788,0.0106,0.4,36.0,CRITICAL
2026-04-26 23:55:17,850,0.2784,0.0,0.3889,36.0,CRITICAL
2026-04-26 23:55:17,851,0.2677,0.0,0.3778,36.0,CRITICAL
2026-04-26 23:55:17,852,0.2723,0.0,0.3667,36.0,CRITICAL
2026-04-26 23:55:17,853,0.2731,0.0,0.3556,36.0,CRITICAL
2026-04-26 23:55:17,854,0.2752,0.0,0.3444,36.0,CRITICAL
2026-04-26 23:55:17,855,0.2654,0.0,0.3333,36.0,CRITICAL
2026-04-26 23:55:17,856,0.2655,0.0,0.3222,36.0,CRITICAL
2026-04-26 23:55:17,857,0.2813,0.0,0.3111,36.0,CRITICAL
2026-04-26 23:55:17,858,0.2695,0.0,0.3,36.0,HIGH
2026-04-26 23:55:17,859,0.2649,0.0106,0.2889,36.0,HIGH
2026-04-26 23:55:18,860,0.2605,0.0107,0.2778,36.0,HIGH
2026-04-26 23:55:18,861,0.2786,0.0106,0.2667,36.0,HIGH
2026-04-26 23:55:18,862,0.2815,0.0106,0.2556,36.0,HIGH
2026-04-26 23:55:18,863,0.2815,0.0106,0.2444,36.0,HIGH
2026-04-26 23:55:18,864,0.2862,0.0,0.2333,36.0,HIGH
2026-04-26 23:55:18,865,0.2816,0.0104,0.2222,36.0,HIGH
2026-04-26 23:55:18,866,0.2946,0.0106,0.2111,36.0,HIGH
2026-04-26 23:55:18,867,0.2878,0.0,0.2,36.0,HIGH
2026-04-26 23:55:18,868,0.2977,0.0,0.1889,36.0,HIGH
2026-04-26 23:55:18,869,0.2905,0.0109,0.1778,36.0,HIGH
2026-04-26 23:55:18,870,0.306,0.0,0.1667,36.0,HIGH
2026-04-26 23:55:18,871,0.3039,0.0,0.1556,36.0,HIGH
2026-04-26 23:55:18,872,0.2802,0.011,0.1444,36.0,NORMAL
2026-04-26 23:55:18,873,0.2804,0.011,0.1333,36.0,NORMAL
2026-04-26 23:55:18,874,0.2716,0.0,0.1222,36.0,NORMAL
2026-04-26 23:55:18,875,0.1728,0.0,0.1222,48.0,NORMAL
2026-04-26 23:55:18,876,0.1671,0.0,0.1222,48.0,NORMAL
2026-04-26 23:55:18,877,0.1385,0.011,0.1222,48.0,NORMAL
2026-04-26 23:55:18,878,0.1326,0.0,0.1222,48.0,NORMAL
2026-04-26 23:55:18,879,0.0742,0.015,0.1333,48.0,NORMAL
2026-04-26 23:55:18,880,0.0667,0.0,0.1444,48.0,NORMAL
2026-04-26 23:55:18,881,0.1012,0.0,0.1556,48.0,HIGH
2026-04-26 23:55:18,882,0.1098,0.0,0.1667,48.0,HIGH
2026-04-26 23:55:18,883,0.1402,0.0,0.1778,36.0,HIGH
2026-04-26 23:55:18,884,0.1683,0.0107,0.1889,36.0,HIGH
2026-04-26 23:55:18,885,0.1647,0.0107,0.2,36.0,HIGH
2026-04-26 23:55:18,886,0.1356,0.0,0.2,36.0,HIGH
2026-04-26 23:55:19,887,0.1423,0.0,0.2,36.0,HIGH
2026-04-26 23:55:19,888,0.1515,0.0,0.2111,36.0,HIGH
2026-04-26 23:55:19,889,0.152,0.0107,0.2222,36.0,HIGH
2026-04-26 23:55:19,890,0.1512,0.0,0.2333,36.0,HIGH
2026-04-26 23:55:19,891,0.1408,0.0,0.2444,36.0,HIGH
2026-04-26 23:55:19,892,0.1621,0.0107,0.2556,36.0,HIGH
2026-04-26 23:55:19,893,0.1494,0.0107,0.2667,36.0,HIGH
2026-04-26 23:55:19,894,0.1831,0.0109,0.2778,36.0,HIGH
2026-04-26 23:55:19,895,0.2765,0.0,0.2778,36.0,HIGH
2026-04-26 23:55:19,896,0.2626,0.0,0.2778,36.0,HIGH
2026-04-26 23:55:19,897,0.2959,0.0149,0.2778,36.0,HIGH
2026-04-26 23:55:19,898,0.2875,0.0107,0.2778,36.0,HIGH
2026-04-26 23:55:19,899,0.299,0.0,0.2778,36.0,HIGH
2026-04-26 23:55:19,900,0.3043,0.0,0.2778,36.0,HIGH
2026-04-26 23:55:19,901,0.3146,0.0105,0.2778,36.0,HIGH
2026-04-26 23:55:19,902,0.3125,0.0104,0.2778,36.0,HIGH
2026-04-26 23:55:19,903,0.3107,0.0,0.2778,36.0,HIGH
2026-04-26 23:55:19,904,0.3107,0.0,0.2778,36.0,HIGH
2026-04-26 23:55:19,905,0.3286,0.0,0.2778,36.0,HIGH
2026-04-26 23:55:19,906,0.3345,0.0,0.2778,36.0,HIGH
2026-04-26 23:55:19,907,0.3256,0.0,0.2778,36.0,HIGH
2026-04-26 23:55:19,908,0.3169,0.0319,0.2778,36.0,HIGH
2026-04-26 23:55:19,909,0.3247,0.0319,0.2778,36.0,HIGH
2026-04-26 23:55:19,910,0.3355,0.0,0.2778,36.0,HIGH
2026-04-26 23:55:19,911,0.3449,0.0,0.2778,36.0,HIGH
2026-04-26 23:55:19,912,0.3328,0.0108,0.2778,36.0,HIGH
2026-04-26 23:55:19,913,0.3214,0.0,0.2667,36.0,HIGH
2026-04-26 23:55:19,914,0.3348,0.0106,0.2556,36.0,HIGH
2026-04-26 23:55:19,915,0.3409,0.0,0.2444,36.0,HIGH
2026-04-26 23:55:19,916,0.3364,0.0,0.2333,36.0,HIGH
2026-04-26 23:55:20,917,0.3149,0.0,0.2222,36.0,HIGH
2026-04-26 23:55:20,918,0.329,0.0,0.2222,36.0,HIGH
2026-04-26 23:55:20,919,0.3328,0.0106,0.2222,36.0,HIGH
2026-04-26 23:55:20,920,0.3399,0.0107,0.2222,36.0,HIGH
2026-04-26 23:55:20,921,0.3369,0.0,0.2222,36.0,HIGH
2026-04-26 23:55:20,922,0.3301,0.0103,0.2222,36.0,HIGH
2026-04-26 23:55:20,923,0.3452,0.0103,0.2222,36.0,HIGH
2026-04-26 23:55:20,924,0.3169,0.0,0.2222,36.0,HIGH
2026-04-26 23:55:20,925,0.3205,0.0,0.2222,36.0,HIGH
2026-04-26 23:55:20,926,0.2191,0.0,0.2222,36.0,HIGH
2026-04-26 23:55:20,927,0.2164,0.0,0.2222,36.0,HIGH
2026-04-26 23:55:20,928,0.0305,0.0,0.2333,48.0,HIGH
2026-04-26 23:55:20,929,0.0331,0.0,0.2444,48.0,HIGH
2026-04-26 23:55:20,930,0.0402,0.0107,0.2556,48.0,HIGH
2026-04-26 23:55:20,931,0.0393,0.0,0.2667,48.0,HIGH
2026-04-26 23:55:20,932,0.0416,0.0,0.2778,48.0,HIGH
2026-04-26 23:55:20,933,0.0267,0.0,0.2889,48.0,HIGH
2026-04-26 23:55:20,934,0.0358,0.0109,0.3,48.0,HIGH
2026-04-26 23:55:20,935,0.0538,0.0,0.3111,48.0,CRITICAL
2026-04-26 23:55:20,936,0.0378,0.0,0.3222,48.0,CRITICAL
2026-04-26 23:55:20,937,0.033,0.0,0.3333,48.0,CRITICAL
2026-04-26 23:55:20,938,0.0483,0.0,0.3444,48.0,CRITICAL
2026-04-26 23:55:20,939,0.0619,0.011,0.3556,48.0,CRITICAL
2026-04-26 23:55:20,940,0.0693,0.0,0.3667,48.0,CRITICAL
2026-04-26 23:55:20,941,0.0393,0.011,0.3778,48.0,CRITICAL
2026-04-26 23:55:20,942,0.1267,0.0,0.3889,48.0,CRITICAL
2026-04-26 23:55:20,943,0.1357,0.0,0.4,48.0,CRITICAL
2026-04-26 23:55:20,944,0.3082,0.0108,0.4,48.0,CRITICAL
2026-04-26 23:55:20,945,0.2986,0.0,0.4,36.0,CRITICAL
2026-04-26 23:55:20,946,0.3369,0.0,0.4,36.0,CRITICAL
2026-04-26 23:55:21,947,0.338,0.0,0.4,36.0,CRITICAL
2026-04-26 23:55:21,948,0.3601,0.0,0.4,36.0,CRITICAL
2026-04-26 23:55:21,949,0.353,0.0,0.4,36.0,CRITICAL
2026-04-26 23:55:21,950,0.3752,0.0,0.4,36.0,CRITICAL
2026-04-26 23:55:21,951,0.3768,0.0,0.4,36.0,CRITICAL
2026-04-26 23:55:21,952,0.3763,0.0,0.4,36.0,CRITICAL
2026-04-26 23:55:21,953,0.341,0.0,0.4,36.0,CRITICAL
2026-04-26 23:55:21,954,0.3442,0.0,0.4,36.0,CRITICAL
2026-04-26 23:55:21,955,0.3572,0.011,0.4,36.0,CRITICAL
2026-04-26 23:55:21,956,0.3608,0.0108,0.4,36.0,CRITICAL
2026-04-26 23:55:21,957,0.3508,0.0325,0.4,36.0,CRITICAL
2026-04-26 23:55:21,958,0.3013,0.0109,0.4,36.0,CRITICAL
2026-04-26 23:55:21,959,0.3187,0.011,0.4,36.0,CRITICAL
2026-04-26 23:55:21,960,0.2922,0.0112,0.4,36.0,CRITICAL
2026-04-26 23:55:21,961,0.3,0.0,0.4,36.0,CRITICAL
2026-04-26 23:55:21,962,0.2535,0.0,0.4,36.0,CRITICAL
2026-04-26 23:55:21,963,0.2768,0.0,0.4,36.0,CRITICAL
2026-04-26 23:55:21,964,0.233,0.0,0.4,36.0,CRITICAL
2026-04-26 23:55:21,965,0.2305,0.0,0.3889,36.0,CRITICAL
2026-04-26 23:55:21,966,0.2523,0.0,0.3778,36.0,CRITICAL
2026-04-26 23:55:21,967,0.266,0.0,0.3667,36.0,CRITICAL
2026-04-26 23:55:21,968,0.265,0.0119,0.3556,36.0,CRITICAL
2026-04-26 23:55:21,969,0.2509,0.0,0.3444,36.0,CRITICAL
2026-04-26 23:55:21,970,0.2481,0.0123,0.3333,36.0,CRITICAL
2026-04-26 23:55:21,971,0.267,0.0122,0.3222,36.0,CRITICAL
2026-04-26 23:55:21,972,0.2637,0.0244,0.3111,24.0,CRITICAL
2026-04-26 23:55:21,973,0.2813,0.0,0.3,24.0,HIGH
2026-04-26 23:55:21,974,0.2773,0.0,0.2889,24.0,HIGH
2026-04-26 23:55:21,975,0.257,0.0,0.2778,24.0,HIGH
2026-04-26 23:55:21,976,0.2596,0.012,0.2667,24.0,HIGH
2026-04-26 23:55:22,977,0.2569,0.0241,0.2556,24.0,HIGH
2026-04-26 23:55:22,978,0.2419,0.0244,0.2444,24.0,HIGH
2026-04-26 23:55:22,979,0.2557,0.0366,0.2333,24.0,HIGH
2026-04-26 23:55:22,980,0.2552,0.0,0.2222,24.0,HIGH
2026-04-26 23:55:22,981,0.2474,0.0,0.2111,24.0,HIGH
2026-04-26 23:55:22,982,0.2163,0.0123,0.2,24.0,HIGH
2026-04-26 23:55:22,983,0.2112,0.0123,0.1889,24.0,HIGH
2026-04-26 23:55:22,984,0.2418,0.0625,0.1778,24.0,HIGH
2026-04-26 23:55:22,985,0.2299,0.0493,0.1778,24.0,HIGH
2026-04-26 23:55:22,986,0.2502,0.0,0.1778,24.0,HIGH
2026-04-26 23:55:22,987,0.2502,0.0,0.1778,24.0,HIGH
2026-04-26 23:55:22,988,0.251,0.0126,0.1778,24.0,HIGH
2026-04-26 23:55:22,989,0.2313,0.0122,0.1778,24.0,HIGH
