timestamp,frame,ear,mar,perclos,blink_rate,alert_level
2026-04-29 01:18:20,0,0.2846,0.0,0.0,0.0,OK
2026-04-29 01:18:20,1,0.2805,0.0,0.0,0.0,OK
2026-04-29 01:18:20,2,0.1374,0.0147,0.0,0.0,OK
2026-04-29 01:18:20,3,0.259,0.0,0.0,0.0,OK
2026-04-29 01:18:20,4,0.2854,0.0141,0.0,0.0,OK
2026-04-29 01:18:20,5,0.2877,0.0143,0.0,0.0,OK
2026-04-29 01:18:20,6,0.3076,0.0145,0.0,0.0,OK
2026-04-29 01:18:20,7,0.3025,0.0141,0.0,0.0,OK
2026-04-29 01:18:20,8,0.3256,0.0147,0.0,0.0,OK
2026-04-29 01:18:20,9,0.3178,0.0329,0.0,0.0,OK
2026-04-29 01:18:20,10,0.3268,0.0141,0.0,0.0,OK
2026-04-29 01:18:20,11,0.3165,0.0,0.0,0.0,OK
2026-04-29 01:18:20,12,0.3326,0.0,0.0,0.0,OK
2026-04-29 01:18:20,13,0.3157,0.0,0.0,0.0,OK
2026-04-29 01:18:20,14,0.3214,0.0,0.0,0.0,OK
2026-04-29 01:18:20,15,0.3258,0.0556,0.0,0.0,OK
2026-04-29 01:18:20,16,0.3331,0.0556,0.0,0.0,OK
2026-04-29 01:18:21,17,0.3276,0.0,0.0,0.0,OK
2026-04-29 01:18:21,18,0.329,0.0,0.0,0.0,OK
2026-04-29 01:18:21,19,0.3094,0.0286,0.0,0.0,OK
2026-04-29 01:18:21,20,0.3084,0.0452,0.0,0.0,OK
2026-04-29 01:18:21,21,0.3372,0.0329,0.0,0.0,OK
2026-04-29 01:18:21,22,0.3313,0.0303,0.0,0.0,OK
2026-04-29 01:18:21,23,0.3417,0.0422,0.0,0.0,OK
2026-04-29 01:18:21,24,0.3297,0.0,0.0,0.0,OK
2026-04-29 01:18:21,25,0.3271,0.0,0.0,0.0,OK
2026-04-29 01:18:21,26,0.3437,0.0,0.0,0.0,OK
2026-04-29 01:18:21,27,0.3259,0.0143,0.0,0.0,OK
2026-04-29 01:18:21,28,0.32,0.0143,0.0,0.0,OK
2026-04-29 01:18:21,29,0.3298,0.0,0.0,60.0,OK
2026-04-29 01:18:21,30,0.3524,0.0145,0.0,58.06,OK
2026-04-29 01:18:21,31,0.3437,0.0143,0.0,56.25,OK
2026-04-29 01:18:21,32,0.333,0.0145,0.0,54.55,OK
2026-04-29 01:18:21,33,0.3309,0.0,0.0,52.94,OK
2026-04-29 01:18:21,34,0.3221,0.0429,0.0,51.43,OK
2026-04-29 01:18:21,35,0.3239,0.0202,0.0,50.0,OK
2026-04-29 01:18:21,36,0.354,0.0139,0.0,48.65,OK
2026-04-29 01:18:21,37,0.3655,0.0278,0.0,47.37,OK
2026-04-29 01:18:21,38,0.3472,0.0133,0.0,46.15,OK
2026-04-29 01:18:21,39,0.3603,0.0,0.0,45.0,OK
2026-04-29 01:18:21,40,0.3543,0.0,0.0,43.9,OK
2026-04-29 01:18:21,41,0.3406,0.0417,0.0,42.86,OK
2026-04-29 01:18:21,42,0.3404,0.0572,0.0,41.86,OK
2026-04-29 01:18:21,43,0.3444,0.0,0.0,40.91,OK
2026-04-29 01:18:22,44,0.3546,0.0,0.0,40.0,OK
2026-04-29 01:18:22,45,0.3421,0.0137,0.0,39.13,OK
2026-04-29 01:18:22,46,0.3186,0.0137,0.0,38.3,OK
2026-04-29 01:18:22,47,0.3226,0.0,0.0,37.5,OK
2026-04-29 01:18:22,48,0.2163,0.0147,0.0,73.47,OK
2026-04-29 01:18:22,49,0.2213,0.0,0.0,72.0,OK
2026-04-29 01:18:22,50,0.2086,0.0,0.0,70.59,OK
2026-04-29 01:18:22,51,0.2068,0.0,0.0,69.23,OK
2026-04-29 01:18:22,52,0.3287,0.0147,0.0,67.92,OK
2026-04-29 01:18:22,53,0.3191,0.0,0.0,66.67,OK
2026-04-29 01:18:22,54,0.3289,0.0,0.0,65.45,OK
2026-04-29 01:18:22,55,0.317,0.0,0.0,64.29,OK
2026-04-29 01:18:22,56,0.3227,0.0137,0.0,63.16,OK
2026-04-29 01:18:22,57,0.3227,0.027,0.0,62.07,OK
2026-04-29 01:18:22,58,0.3247,0.0,0.0,61.02,OK
2026-04-29 01:18:22,59,0.3319,0.0,0.0,60.0,OK
2026-04-29 01:18:22,60,0.3313,0.0,0.0,59.02,OK
2026-04-29 01:18:22,61,0.331,0.0147,0.0,58.06,OK
2026-04-29 01:18:22,62,0.3429,0.0,0.0,57.14,OK
2026-04-29 01:18:22,63,0.3433,0.0141,0.0,56.25,OK
2026-04-29 01:18:22,64,0.3323,0.0,0.0,55.38,OK
2026-04-29 01:18:22,65,0.3465,0.0,0.0,54.55,OK
2026-04-29 01:18:22,66,0.3471,0.0,0.0,53.73,OK
2026-04-29 01:18:22,67,0.344,0.0,0.0,52.94,OK
2026-04-29 01:18:22,68,0.3411,0.0,0.0,52.17,OK
2026-04-29 01:18:22,69,0.3343,0.0,0.0,51.43,OK
2026-04-29 01:18:22,70,0.3338,0.0,0.0,50.7,OK
2026-04-29 01:18:22,71,0.277,0.0,0.0,50.0,OK
2026-04-29 01:18:23,72,0.1372,0.0143,0.0,73.97,OK
2026-04-29 01:18:23,73,0.1332,0.0141,0.0,72.97,OK
2026-04-29 01:18:23,74,0.2544,0.0,0.0,72.0,OK
2026-04-29 01:18:23,75,0.2517,0.0,0.0,94.74,OK
2026-04-29 01:18:23,76,0.3344,0.0,0.0,93.51,OK
2026-04-29 01:18:23,77,0.318,0.0,0.0,92.31,OK
2026-04-29 01:18:23,78,0.2838,0.0,0.0,91.14,OK
2026-04-29 01:18:23,79,0.094,0.0145,0.0,112.5,OK
2026-04-29 01:18:23,80,0.0911,0.0,0.0,111.11,OK
2026-04-29 01:18:23,81,0.2423,0.0141,0.0,109.76,OK
2026-04-29 01:18:23,82,0.2451,0.0,0.0,108.43,OK
2026-04-29 01:18:23,83,0.2918,0.0137,0.0,107.14,OK
2026-04-29 01:18:23,84,0.2906,0.0,0.0,105.88,OK
2026-04-29 01:18:23,85,0.1772,0.0141,0.0,125.58,OK
2026-04-29 01:18:23,86,0.1657,0.0141,0.0,124.14,OK
2026-04-29 01:18:23,87,0.084,0.0274,0.0,122.73,OK
2026-04-29 01:18:23,88,0.0829,0.0274,0.0,121.35,OK
2026-04-29 01:18:23,89,0.2883,0.0139,0.0,120.0,OK
2026-04-29 01:18:23,90,0.3357,0.0,0.0,118.68,OK
2026-04-29 01:18:23,91,0.3316,0.0,0.0,117.39,OK
2026-04-29 01:18:23,92,0.3182,0.0139,0.0,116.13,OK
2026-04-29 01:18:23,93,0.3201,0.0,0.0,114.89,OK
2026-04-29 01:18:23,94,0.3165,0.0143,0.0,113.68,OK
2026-04-29 01:18:23,95,0.3178,0.0,0.0,112.5,OK
2026-04-29 01:18:23,96,0.3391,0.0,0.0,111.34,OK
2026-04-29 01:18:23,97,0.3328,0.0141,0.0,110.2,OK
2026-04-29 01:18:23,98,0.3068,0.0147,0.0,109.09,OK
2026-04-29 01:18:23,99,0.3142,0.0,0.0,108.0,OK
2026-04-29 01:18:23,100,0.3216,0.0,0.0,106.93,OK
2026-04-29 01:18:24,101,0.2847,0.0,0.0,105.88,OK
2026-04-29 01:18:24,102,0.2901,0.0,0.0,104.85,OK
2026-04-29 01:18:24,103,0.0531,0.0141,0.0,121.15,OK
2026-04-29 01:18:24,104,0.0598,0.0,0.0,120.0,OK
2026-04-29 01:18:24,105,0.1717,0.0141,0.0,118.87,OK
2026-04-29 01:18:24,106,0.173,0.0,0.0,117.76,OK
2026-04-29 01:18:24,107,0.2873,0.0526,0.0,116.67,OK
2026-04-29 01:18:24,108,0.2671,0.0416,0.0,115.6,OK
2026-04-29 01:18:24,109,0.2854,0.0141,0.0,114.55,OK
2026-04-29 01:18:24,110,0.314,0.0,0.0,113.51,OK
2026-04-29 01:18:24,111,0.3104,0.0,0.0,112.5,OK
2026-04-29 01:18:24,112,0.2901,0.0139,0.0,111.5,OK
2026-04-29 01:18:24,113,0.2843,0.0139,0.0,110.53,OK
2026-04-29 01:18:24,114,0.3066,0.0,0.0,109.57,OK
2026-04-29 01:18:24,115,0.292,0.0141,0.0,108.62,OK
2026-04-29 01:18:24,116,0.2958,0.0,0.0,107.69,OK
2026-04-29 01:18:24,117,0.2947,0.0145,0.0,106.78,OK
2026-04-29 01:18:24,118,0.301,0.0202,0.0,105.88,OK
2026-04-29 01:18:24,119,0.2969,0.0,0.0,105.0,OK
2026-04-29 01:18:24,120,0.2852,0.0139,0.0,104.13,OK
2026-04-29 01:18:24,121,0.3129,0.0,0.0,103.28,OK
2026-04-29 01:18:24,122,0.3191,0.0,0.0,102.44,OK
2026-04-29 01:18:24,123,0.3335,0.0,0.0,101.61,OK
2026-04-29 01:18:24,124,0.3192,0.0141,0.0,100.8,OK
2026-04-29 01:18:24,125,0.3023,0.0,0.0,100.0,OK
2026-04-29 01:18:24,126,0.2996,0.0,0.0,99.21,OK
2026-04-29 01:18:24,127,0.2996,0.0,0.0,98.44,OK
2026-04-29 01:18:24,128,0.3248,0.0,0.0,97.67,OK
2026-04-29 01:18:24,129,0.3185,0.0137,0.0,96.92,OK
2026-04-29 01:18:24,130,0.3009,0.0,0.0,96.18,OK
2026-04-29 01:18:25,131,0.3144,0.0,0.0,95.45,OK
2026-04-29 01:18:25,132,0.3166,0.0278,0.0,94.74,OK
2026-04-29 01:18:25,133,0.3212,0.0556,0.0,94.03,OK
2026-04-29 01:18:25,134,0.3182,0.0278,0.0,93.33,OK
2026-04-29 01:18:25,135,0.3164,0.031,0.0,92.65,OK
2026-04-29 01:18:25,136,0.3124,0.0139,0.0,91.97,OK
2026-04-29 01:18:25,137,0.3251,0.0,0.0,91.3,OK
2026-04-29 01:18:25,138,0.3254,0.0,0.0,90.65,OK
2026-04-29 01:18:25,139,0.3207,0.0,0.0,90.0,OK
2026-04-29 01:18:25,140,0.3178,0.0,0.0,89.36,OK
2026-04-29 01:18:25,141,0.325,0.0135,0.0,88.73,OK
2026-04-29 01:18:25,142,0.3306,0.0,0.0,88.11,OK
2026-04-29 01:18:25,143,0.333,0.0,0.0,87.5,OK
2026-04-29 01:18:25,144,0.333,0.0,0.0,86.9,OK
2026-04-29 01:18:25,145,0.3173,0.0145,0.0,86.3,OK
2026-04-29 01:18:25,146,0.3329,0.0,0.0,85.71,OK
2026-04-29 01:18:25,147,0.3313,0.0,0.0,85.14,OK
2026-04-29 01:18:25,148,0.3165,0.0,0.0,84.56,OK
2026-04-29 01:18:25,149,0.3171,0.0,0.0,84.0,OK
2026-04-29 01:18:25,150,0.326,0.0,0.0,84.0,OK
2026-04-29 01:18:25,151,0.3254,0.0137,0.0,72.0,OK
2026-04-29 01:18:25,152,0.3063,0.0143,0.0,72.0,OK
2026-04-29 01:18:25,153,0.3201,0.0143,0.0,72.0,OK
2026-04-29 01:18:25,154,0.3315,0.0135,0.0,72.0,OK
2026-04-29 01:18:25,155,0.3236,0.0,0.0,72.0,OK
2026-04-29 01:18:25,156,0.3208,0.0,0.0,72.0,OK
2026-04-29 01:18:25,157,0.319,0.0,0.0,72.0,OK
2026-04-29 01:18:25,158,0.3285,0.0,0.0,72.0,OK
2026-04-29 01:18:26,159,0.3098,0.0548,0.0,72.0,OK
2026-04-29 01:18:26,160,0.3098,0.0405,0.0,72.0,OK
2026-04-29 01:18:26,161,0.3331,0.0137,0.0,72.0,OK
2026-04-29 01:18:26,162,0.3316,0.0135,0.0,72.0,OK
2026-04-29 01:18:26,163,0.3161,0.0145,0.0,72.0,OK
2026-04-29 01:18:26,164,0.3286,0.0205,0.0,72.0,OK
2026-04-29 01:18:26,165,0.311,0.0,0.0,72.0,OK
2026-04-29 01:18:26,166,0.3119,0.0,0.0,72.0,OK
2026-04-29 01:18:26,167,0.297,0.0,0.0,72.0,OK
2026-04-29 01:18:26,168,0.2936,0.0,0.0,72.0,OK
2026-04-29 01:18:26,169,0.2862,0.0,0.0,72.0,OK
2026-04-29 01:18:26,170,0.2983,0.0135,0.0,72.0,OK
2026-04-29 01:18:26,171,0.2983,0.0,0.0,72.0,OK
2026-04-29 01:18:26,172,0.2949,0.0417,0.0,72.0,OK
2026-04-29 01:18:26,173,0.2952,0.0548,0.0,72.0,OK
2026-04-29 01:18:26,174,0.309,0.0405,0.0,72.0,OK
2026-04-29 01:18:26,175,0.3028,0.0405,0.0,72.0,OK
2026-04-29 01:18:26,176,0.3028,0.0143,0.0,72.0,OK
2026-04-29 01:18:26,177,0.3079,0.0,0.0,72.0,OK
2026-04-29 01:18:26,178,0.3372,0.0139,0.0,72.0,OK
2026-04-29 01:18:26,179,0.3468,0.0141,0.0,72.0,OK
2026-04-29 01:18:26,180,0.3132,0.0,0.0,72.0,OK
2026-04-29 01:18:26,181,0.3117,0.0,0.0,72.0,OK
2026-04-29 01:18:26,182,0.3238,0.0141,0.0,72.0,OK
2026-04-29 01:18:26,183,0.3358,0.0,0.0,72.0,OK
2026-04-29 01:18:26,184,0.2936,0.0417,0.0,72.0,OK
2026-04-29 01:18:26,185,0.2851,0.0573,0.0,72.0,OK
2026-04-29 01:18:27,186,0.1577,0.027,0.0,84.0,OK
2026-04-29 01:18:27,187,0.2427,0.0667,0.0,84.0,OK
2026-04-29 01:18:27,188,0.2371,0.0676,0.0,84.0,OK
2026-04-29 01:18:27,189,0.2864,0.0,0.0,84.0,OK
2026-04-29 01:18:27,190,0.2864,0.0,0.0,84.0,OK
2026-04-29 01:18:27,191,0.323,0.0139,0.0,84.0,OK
2026-04-29 01:18:27,192,0.3247,0.0,0.0,84.0,OK
2026-04-29 01:18:27,193,0.3214,0.0137,0.0,84.0,OK
2026-04-29 01:18:27,194,0.309,0.0141,0.0,84.0,OK
2026-04-29 01:18:27,195,0.3282,0.0141,0.0,84.0,OK
2026-04-29 01:18:27,196,0.3145,0.0,0.0,84.0,OK
2026-04-29 01:18:27,197,0.3146,0.0,0.0,72.0,OK
2026-04-29 01:18:27,198,0.1998,0.0306,0.0,84.0,OK
2026-04-29 01:18:27,199,0.2101,0.0137,0.0,84.0,OK
2026-04-29 01:18:27,200,0.0506,0.0,0.0,84.0,OK
2026-04-29 01:18:27,201,0.0453,0.0139,0.0,84.0,OK
2026-04-29 01:18:27,202,0.0575,0.0,0.0,84.0,OK
2026-04-29 01:18:27,203,0.2326,0.0139,0.0667,84.0,OK
2026-04-29 01:18:27,204,0.2382,0.0,0.0778,84.0,OK
2026-04-29 01:18:27,205,0.2759,0.0139,0.0778,84.0,OK
2026-04-29 01:18:27,206,0.2842,0.0,0.0778,84.0,OK
2026-04-29 01:18:27,207,0.0765,0.0,0.0778,96.0,OK
2026-04-29 01:18:27,208,0.0879,0.0,0.0778,96.0,OK
2026-04-29 01:18:27,209,0.0686,0.0135,0.0778,96.0,OK
2026-04-29 01:18:27,210,0.066,0.0139,0.0778,96.0,OK
2026-04-29 01:18:27,211,0.0552,0.0,0.0778,96.0,OK
2026-04-29 01:18:27,212,0.0511,0.0,0.1444,96.0,LOW
2026-04-29 01:18:27,213,0.247,0.0,0.1556,96.0,LOW
2026-04-29 01:18:27,214,0.247,0.0,0.1667,96.0,LOW
2026-04-29 01:18:28,215,0.073,0.0,0.1778,96.0,LOW
2026-04-29 01:18:28,216,0.0768,0.0145,0.1889,96.0,LOW
2026-04-29 01:18:28,217,0.071,0.0,0.2,96.0,LOW
2026-04-29 01:18:28,218,0.0565,0.0141,0.2111,96.0,MEDIUM
2026-04-29 01:18:28,219,0.1211,0.0137,0.2222,96.0,MEDIUM
2026-04-29 01:18:28,220,0.1392,0.0196,0.2333,96.0,MEDIUM
2026-04-29 01:18:28,221,0.1374,0.0199,0.2444,84.0,MEDIUM
2026-04-29 01:18:28,222,0.0615,0.0,0.2556,84.0,MEDIUM
2026-04-29 01:18:28,223,0.0671,0.0,0.2667,84.0,MEDIUM
2026-04-29 01:18:28,224,0.1924,0.0,0.2778,72.0,MEDIUM
2026-04-29 01:18:28,225,0.1834,0.0,0.2889,72.0,MEDIUM
2026-04-29 01:18:28,226,0.1591,0.0,0.3,72.0,MEDIUM
2026-04-29 01:18:28,227,0.0765,0.0,0.3111,72.0,HIGH
2026-04-29 01:18:28,228,0.0835,0.0,0.3222,60.0,HIGH
2026-04-29 01:18:28,229,0.1771,0.0,0.3333,60.0,HIGH
2026-04-29 01:18:28,230,0.1715,0.0145,0.3444,60.0,HIGH
2026-04-29 01:18:28,231,0.2413,0.0274,0.3556,60.0,HIGH
2026-04-29 01:18:28,232,0.2482,0.0282,0.3667,60.0,HIGH
2026-04-29 01:18:28,233,0.2615,0.0149,0.3667,60.0,HIGH
2026-04-29 01:18:28,234,0.2658,0.0145,0.3667,48.0,HIGH
2026-04-29 01:18:28,235,0.2535,0.0282,0.3667,60.0,HIGH
2026-04-29 01:18:28,236,0.2311,0.0,0.3667,60.0,HIGH
2026-04-29 01:18:28,237,0.2325,0.0,0.3667,60.0,HIGH
2026-04-29 01:18:28,238,0.0692,0.0,0.3667,60.0,HIGH
2026-04-29 01:18:28,239,0.1825,0.0,0.3667,60.0,HIGH
2026-04-29 01:18:28,240,0.1901,0.0286,0.4333,60.0,CRITICAL
2026-04-29 01:18:29,241,0.0653,0.0448,0.4444,60.0,CRITICAL
2026-04-29 01:18:29,242,0.0653,0.0298,0.4556,60.0,CRITICAL
2026-04-29 01:18:29,243,0.0505,0.0,0.4667,60.0,CRITICAL
2026-04-29 01:18:29,244,0.0534,0.0143,0.4778,60.0,CRITICAL
2026-04-29 01:18:29,245,0.1044,0.0143,0.4889,60.0,CRITICAL
2026-04-29 01:18:29,246,0.2372,0.0,0.5,60.0,CRITICAL
2026-04-29 01:18:29,247,0.2372,0.0143,0.5111,60.0,CRITICAL
2026-04-29 01:18:29,248,0.1598,0.0147,0.5222,60.0,CRITICAL
2026-04-29 01:18:29,249,0.1599,0.0,0.5333,60.0,CRITICAL
2026-04-29 01:18:29,250,0.0505,0.0147,0.5444,60.0,CRITICAL
2026-04-29 01:18:29,251,0.0598,0.0147,0.5556,60.0,CRITICAL
2026-04-29 01:18:29,252,0.0729,0.0143,0.5667,48.0,CRITICAL
2026-04-29 01:18:29,253,0.0631,0.0149,0.5778,48.0,CRITICAL
2026-04-29 01:18:29,254,0.2245,0.0282,0.5889,48.0,CRITICAL
2026-04-29 01:18:29,255,0.2706,0.0,0.5889,48.0,CRITICAL
2026-04-29 01:18:29,256,0.2769,0.0,0.5889,48.0,CRITICAL
2026-04-29 01:18:29,257,0.2797,0.0,0.5889,48.0,CRITICAL
2026-04-29 01:18:29,258,0.2989,0.0141,0.5889,48.0,CRITICAL
2026-04-29 01:18:29,259,0.3026,0.0,0.5889,48.0,CRITICAL
2026-04-29 01:18:29,260,0.3072,0.0,0.5889,48.0,CRITICAL
2026-04-29 01:18:29,261,0.3098,0.0139,0.5889,48.0,CRITICAL
2026-04-29 01:18:29,262,0.3107,0.0,0.5889,48.0,CRITICAL
2026-04-29 01:18:29,263,0.3314,0.0,0.5889,48.0,CRITICAL
2026-04-29 01:18:29,264,0.332,0.0,0.5889,48.0,CRITICAL
2026-04-29 01:18:29,265,0.3235,0.0,0.5889,48.0,CRITICAL
2026-04-29 01:18:29,266,0.3099,0.0199,0.5889,48.0,CRITICAL
2026-04-29 01:18:30,267,0.3152,0.0141,0.5889,48.0,CRITICAL
2026-04-29 01:18:30,268,0.3191,0.0,0.5889,48.0,CRITICAL
2026-04-29 01:18:30,269,0.3148,0.0,0.5889,48.0,CRITICAL
2026-04-29 01:18:30,270,0.3339,0.0,0.5889,48.0,CRITICAL
2026-04-29 01:18:30,271,0.3249,0.0,0.5889,48.0,CRITICAL
2026-04-29 01:18:30,272,0.329,0.0137,0.5889,48.0,CRITICAL
2026-04-29 01:18:30,273,0.3363,0.0,0.5889,48.0,CRITICAL
2026-04-29 01:18:30,274,0.3364,0.0,0.5889,48.0,CRITICAL
2026-04-29 01:18:30,275,0.3256,0.0143,0.5889,48.0,CRITICAL
2026-04-29 01:18:30,276,0.3468,0.0,0.5889,48.0,CRITICAL
2026-04-29 01:18:30,277,0.3375,0.0143,0.5889,48.0,CRITICAL
2026-04-29 01:18:30,278,0.3449,0.0278,0.5889,48.0,CRITICAL
2026-04-29 01:18:30,279,0.3461,0.0278,0.5889,48.0,CRITICAL
2026-04-29 01:18:30,280,0.348,0.0,0.5889,48.0,CRITICAL
2026-04-29 01:18:30,281,0.3434,0.0,0.5889,48.0,CRITICAL
2026-04-29 01:18:30,282,0.3347,0.0,0.5889,48.0,CRITICAL
2026-04-29 01:18:30,283,0.338,0.0145,0.5889,48.0,CRITICAL
2026-04-29 01:18:30,284,0.3546,0.0,0.5889,48.0,CRITICAL
2026-04-29 01:18:30,285,0.3641,0.0,0.5889,48.0,CRITICAL
2026-04-29 01:18:30,286,0.3302,0.0,0.5889,48.0,CRITICAL
2026-04-29 01:18:30,287,0.3489,0.0,0.5889,48.0,CRITICAL
2026-04-29 01:18:30,288,0.3446,0.0,0.5778,48.0,CRITICAL
2026-04-29 01:18:30,289,0.3524,0.0141,0.5111,48.0,CRITICAL
2026-04-29 01:18:30,290,0.3282,0.0,0.5111,48.0,CRITICAL
2026-04-29 01:18:30,291,0.3041,0.0,0.5111,48.0,CRITICAL
2026-04-29 01:18:30,292,0.3231,0.0,0.5111,48.0,CRITICAL
2026-04-29 01:18:31,293,0.3284,0.0143,0.5111,48.0,CRITICAL
2026-04-29 01:18:31,294,0.3092,0.0422,0.5111,48.0,CRITICAL
2026-04-29 01:18:31,295,0.308,0.0278,0.5111,48.0,CRITICAL
2026-04-29 01:18:31,296,0.3253,0.0445,0.5111,48.0,CRITICAL
2026-04-29 01:18:31,297,0.3307,0.0,0.5,48.0,CRITICAL
2026-04-29 01:18:31,298,0.324,0.0,0.4889,48.0,CRITICAL
2026-04-29 01:18:31,299,0.3246,0.0141,0.4778,48.0,CRITICAL
2026-04-29 01:18:31,300,0.3401,0.0,0.4667,48.0,CRITICAL
2026-04-29 01:18:31,301,0.3176,0.0,0.4556,48.0,CRITICAL
2026-04-29 01:18:31,302,0.3146,0.0,0.4444,48.0,CRITICAL
2026-04-29 01:18:31,303,0.3248,0.0,0.4333,48.0,CRITICAL
2026-04-29 01:18:31,304,0.3198,0.0,0.4222,48.0,CRITICAL
2026-04-29 01:18:31,305,0.3275,0.0,0.4111,48.0,CRITICAL
2026-04-29 01:18:31,306,0.3482,0.0,0.4,48.0,HIGH
2026-04-29 01:18:31,307,0.3444,0.0,0.3889,48.0,HIGH
2026-04-29 01:18:31,308,0.3215,0.0145,0.3778,48.0,HIGH
2026-04-29 01:18:31,309,0.3343,0.0,0.3667,48.0,HIGH
2026-04-29 01:18:31,310,0.3288,0.0143,0.3556,48.0,HIGH
2026-04-29 01:18:31,311,0.3321,0.0143,0.3444,48.0,HIGH
2026-04-29 01:18:31,312,0.3282,0.0315,0.3333,48.0,HIGH
2026-04-29 01:18:31,313,0.3263,0.0196,0.3222,48.0,HIGH
2026-04-29 01:18:31,314,0.3246,0.0,0.3111,48.0,HIGH
2026-04-29 01:18:31,315,0.3255,0.0141,0.3,48.0,MEDIUM
2026-04-29 01:18:32,316,0.3201,0.0,0.2889,48.0,MEDIUM
2026-04-29 01:18:32,317,0.3334,0.0,0.2222,48.0,MEDIUM
2026-04-29 01:18:32,318,0.3288,0.0282,0.2222,48.0,MEDIUM
2026-04-29 01:18:32,319,0.3389,0.0282,0.2222,48.0,MEDIUM
2026-04-29 01:18:32,320,0.3146,0.0,0.2222,48.0,MEDIUM
2026-04-29 01:18:32,321,0.3181,0.0,0.2222,48.0,MEDIUM
2026-04-29 01:18:32,322,0.301,0.0143,0.2222,48.0,MEDIUM
2026-04-29 01:18:32,323,0.3124,0.0,0.2222,48.0,MEDIUM
2026-04-29 01:18:32,324,0.306,0.0,0.2222,48.0,MEDIUM
2026-04-29 01:18:32,325,0.3099,0.0141,0.2111,48.0,MEDIUM
2026-04-29 01:18:32,326,0.3136,0.0143,0.2,48.0,LOW
2026-04-29 01:18:32,327,0.3122,0.0137,0.1889,48.0,LOW
2026-04-29 01:18:32,328,0.3111,0.0141,0.1778,48.0,LOW
2026-04-29 01:18:32,329,0.3012,0.0147,0.1667,48.0,LOW
2026-04-29 01:18:32,330,0.3114,0.0202,0.1556,48.0,LOW
2026-04-29 01:18:32,331,0.3144,0.0145,0.1444,48.0,LOW
2026-04-29 01:18:32,332,0.323,0.0,0.1333,48.0,LOW
2026-04-29 01:18:32,333,0.3204,0.0,0.1222,48.0,LOW
2026-04-29 01:18:32,334,0.3225,0.0139,0.1111,48.0,OK
2026-04-29 01:18:32,335,0.3288,0.0274,0.1,36.0,OK
2026-04-29 01:18:32,336,0.3268,0.0,0.0889,36.0,OK
2026-04-29 01:18:32,337,0.3266,0.0141,0.0778,36.0,OK
2026-04-29 01:18:32,338,0.341,0.0199,0.0667,36.0,OK
2026-04-29 01:18:32,339,0.3005,0.0139,0.0,36.0,OK
2026-04-29 01:18:32,340,0.3037,0.0141,0.0,36.0,OK
2026-04-29 01:18:32,341,0.2986,0.0,0.0,36.0,OK
2026-04-29 01:18:32,342,0.292,0.0139,0.0,36.0,OK
2026-04-29 01:18:33,343,0.3018,0.0556,0.0,36.0,OK
2026-04-29 01:18:33,344,0.3022,0.0556,0.0,36.0,OK
2026-04-29 01:18:33,345,0.3303,0.0143,0.0,36.0,OK
2026-04-29 01:18:33,346,0.3091,0.0139,0.0,36.0,OK
2026-04-29 01:18:33,347,0.3266,0.0,0.0,24.0,OK
2026-04-29 01:18:33,348,0.3258,0.0,0.0,24.0,OK
2026-04-29 01:18:33,349,0.3186,0.0139,0.0,24.0,OK
2026-04-29 01:18:33,350,0.3215,0.0,0.0,24.0,OK
2026-04-29 01:18:33,351,0.3432,0.0452,0.0,24.0,OK
2026-04-29 01:18:33,352,0.3419,0.0282,0.0,24.0,OK
2026-04-29 01:18:33,353,0.3094,0.0137,0.0,24.0,OK
2026-04-29 01:18:33,354,0.3144,0.0137,0.0,24.0,OK
2026-04-29 01:18:33,355,0.3119,0.0,0.0,24.0,OK
2026-04-29 01:18:33,356,0.3228,0.0141,0.0,12.0,OK
2026-04-29 01:18:33,357,0.3367,0.0139,0.0,12.0,OK
2026-04-29 01:18:33,358,0.3159,0.0147,0.0,12.0,OK
2026-04-29 01:18:33,359,0.3177,0.0147,0.0,12.0,OK
2026-04-29 01:18:33,360,0.3111,0.0278,0.0,12.0,OK
2026-04-29 01:18:33,361,0.321,0.0405,0.0,12.0,OK
2026-04-29 01:18:33,362,0.3163,0.0,0.0,12.0,OK
2026-04-29 01:18:33,363,0.3247,0.0,0.0,12.0,OK
2026-04-29 01:18:33,364,0.3391,0.0,0.0,12.0,OK
2026-04-29 01:18:33,365,0.3357,0.0137,0.0,12.0,OK
2026-04-29 01:18:33,366,0.3344,0.0137,0.0,12.0,OK
2026-04-29 01:18:33,367,0.3277,0.0,0.0,12.0,OK
2026-04-29 01:18:33,368,0.3268,0.0,0.0,12.0,OK
2026-04-29 01:18:33,369,0.3332,0.0,0.0,12.0,OK
2026-04-29 01:18:33,370,0.3322,0.0,0.0,12.0,OK
2026-04-29 01:18:33,371,0.3131,0.0145,0.0,12.0,OK
2026-04-29 01:18:34,372,0.1684,0.0,0.0,24.0,OK
2026-04-29 01:18:34,373,0.1765,0.0,0.0,24.0,OK
2026-04-29 01:18:34,374,0.2094,0.0205,0.0,24.0,OK
2026-04-29 01:18:34,375,0.2171,0.0145,0.0,24.0,OK
2026-04-29 01:18:34,376,0.2999,0.0,0.0,24.0,OK
2026-04-29 01:18:34,377,0.2938,0.0141,0.0,24.0,OK
2026-04-29 01:18:34,378,0.3195,0.0,0.0,24.0,OK
2026-04-29 01:18:34,379,0.3183,0.0,0.0,24.0,OK
2026-04-29 01:18:34,380,0.3369,0.0,0.0,24.0,OK
2026-04-29 01:18:34,381,0.3379,0.0,0.0,24.0,OK
2026-04-29 01:18:34,382,0.326,0.0139,0.0,24.0,OK
2026-04-29 01:18:34,383,0.3623,0.0,0.0,24.0,OK
2026-04-29 01:18:34,384,0.3357,0.0,0.0,12.0,OK
2026-04-29 01:18:34,385,0.3373,0.0422,0.0,12.0,OK
2026-04-29 01:18:34,386,0.3455,0.0286,0.0,12.0,OK
2026-04-29 01:18:34,387,0.3537,0.0141,0.0,12.0,OK
2026-04-29 01:18:34,388,0.3415,0.0,0.0,12.0,OK
2026-04-29 01:18:34,389,0.3393,0.0,0.0,12.0,OK
2026-04-29 01:18:34,390,0.3456,0.0,0.0,12.0,OK
2026-04-29 01:18:34,391,0.3302,0.0,0.0,12.0,OK
2026-04-29 01:18:34,392,0.3386,0.0,0.0,12.0,OK
2026-04-29 01:18:34,393,0.3387,0.0666,0.0,12.0,OK
2026-04-29 01:18:34,394,0.3288,0.0137,0.0,12.0,OK
2026-04-29 01:18:34,395,0.3375,0.0139,0.0,12.0,OK
2026-04-29 01:18:34,396,0.3253,0.0143,0.0,12.0,OK
2026-04-29 01:18:34,397,0.335,0.0143,0.0,12.0,OK
2026-04-29 01:18:34,398,0.3238,0.0,0.0,12.0,OK
2026-04-29 01:18:34,399,0.3238,0.0,0.0,12.0,OK
2026-04-29 01:18:34,400,0.3315,0.0141,0.0,12.0,OK
2026-04-29 01:18:34,401,0.2195,0.0714,0.0,24.0,OK
2026-04-29 01:18:35,402,0.2278,0.0417,0.0,24.0,OK
2026-04-29 01:18:35,403,0.2311,0.0278,0.0,24.0,OK
2026-04-29 01:18:35,404,0.2283,0.0,0.0,24.0,OK
2026-04-29 01:18:35,405,0.31,0.0139,0.0,24.0,OK
2026-04-29 01:18:35,406,0.3046,0.0141,0.0,24.0,OK
2026-04-29 01:18:35,407,0.3114,0.0,0.0,24.0,OK
2026-04-29 01:18:35,408,0.3156,0.0,0.0,24.0,OK
2026-04-29 01:18:35,409,0.3284,0.0141,0.0,24.0,OK
2026-04-29 01:18:35,410,0.3405,0.0141,0.0,24.0,OK
2026-04-29 01:18:35,411,0.3403,0.0141,0.0,24.0,OK
2026-04-29 01:18:35,412,0.3433,0.0135,0.0,24.0,OK
2026-04-29 01:18:35,413,0.3462,0.0135,0.0,24.0,OK
2026-04-29 01:18:35,414,0.3316,0.0,0.0,24.0,OK
2026-04-29 01:18:35,415,0.338,0.0,0.0,24.0,OK
2026-04-29 01:18:35,416,0.3239,0.0282,0.0,24.0,OK
2026-04-29 01:18:35,417,0.327,0.0141,0.0,24.0,OK
2026-04-29 01:18:35,418,0.3193,0.0315,0.0,24.0,OK
2026-04-29 01:18:35,419,0.3034,0.0,0.0,24.0,OK
2026-04-29 01:18:35,420,0.3034,0.0,0.0,24.0,OK
2026-04-29 01:18:35,421,0.2312,0.0,0.0,36.0,OK
2026-04-29 01:18:35,422,0.2414,0.0,0.0,36.0,OK
2026-04-29 01:18:35,423,0.1036,0.0,0.0,36.0,OK
2026-04-29 01:18:35,424,0.0909,0.0,0.0,36.0,OK
2026-04-29 01:18:35,425,0.2469,0.0417,0.0,36.0,OK
2026-04-29 01:18:35,426,0.2469,0.0417,0.0667,36.0,OK
2026-04-29 01:18:35,427,0.2985,0.0,0.0667,36.0,OK
2026-04-29 01:18:35,428,0.2876,0.0324,0.0667,36.0,OK
2026-04-29 01:18:35,429,0.3145,0.0,0.0667,36.0,OK
2026-04-29 01:18:35,430,0.3238,0.0,0.0667,36.0,OK
2026-04-29 01:18:35,431,0.3189,0.0,0.0667,36.0,OK
2026-04-29 01:18:36,432,0.3159,0.0139,0.0667,36.0,OK
2026-04-29 01:18:36,433,0.3274,0.0139,0.0667,36.0,OK
2026-04-29 01:18:36,434,0.3332,0.0141,0.0667,36.0,OK
2026-04-29 01:18:36,435,0.3155,0.0141,0.0667,36.0,OK
2026-04-29 01:18:36,436,0.3163,0.0141,0.0667,36.0,OK
2026-04-29 01:18:36,437,0.3219,0.0139,0.0667,36.0,OK
2026-04-29 01:18:36,438,0.3326,0.0145,0.0667,36.0,OK
2026-04-29 01:18:36,439,0.328,0.0143,0.0667,36.0,OK
2026-04-29 01:18:36,440,0.328,0.0196,0.0667,36.0,OK
2026-04-29 01:18:36,441,0.3468,0.0137,0.0667,36.0,OK
2026-04-29 01:18:36,442,0.3406,0.0194,0.0667,36.0,OK
2026-04-29 01:18:36,443,0.3287,0.0149,0.0667,36.0,OK
2026-04-29 01:18:36,444,0.3242,0.0,0.0667,36.0,OK
2026-04-29 01:18:36,445,0.3169,0.0,0.0667,36.0,OK
2026-04-29 01:18:36,446,0.3057,0.0,0.0667,36.0,OK
2026-04-29 01:18:36,447,0.3057,0.0,0.0667,36.0,OK
2026-04-29 01:18:36,448,0.1975,0.0,0.0667,48.0,OK
2026-04-29 01:18:36,449,0.1989,0.0,0.0667,48.0,OK
2026-04-29 01:18:36,450,0.069,0.0139,0.0667,48.0,OK
2026-04-29 01:18:36,451,0.0641,0.0282,0.0667,48.0,OK
2026-04-29 01:18:36,452,0.2026,0.0,0.0667,48.0,OK
2026-04-29 01:18:36,453,0.2087,0.0422,0.1333,48.0,LOW
2026-04-29 01:18:36,454,0.279,0.0145,0.1333,48.0,LOW
2026-04-29 01:18:36,455,0.3208,0.0143,0.1333,48.0,LOW
2026-04-29 01:18:36,456,0.328,0.0,0.1333,48.0,LOW
2026-04-29 01:18:36,457,0.3137,0.0145,0.1333,48.0,LOW
2026-04-29 01:18:36,458,0.3195,0.0143,0.1333,48.0,LOW
2026-04-29 01:18:36,459,0.2422,0.0145,0.1333,60.0,LOW
2026-04-29 01:18:36,460,0.2337,0.0143,0.1333,60.0,LOW
2026-04-29 01:18:37,461,0.0576,0.0274,0.1333,60.0,LOW
2026-04-29 01:18:37,462,0.0526,0.0411,0.1333,60.0,LOW
2026-04-29 01:18:37,463,0.1677,0.0445,0.1333,60.0,LOW
2026-04-29 01:18:37,464,0.1659,0.0139,0.2,60.0,LOW
2026-04-29 01:18:37,465,0.2693,0.0,0.2,60.0,LOW
2026-04-29 01:18:37,466,0.2573,0.0,0.2,60.0,LOW
2026-04-29 01:18:37,467,0.2677,0.0,0.2,60.0,LOW
2026-04-29 01:18:37,468,0.2723,0.0,0.2,60.0,LOW
2026-04-29 01:18:37,469,0.2876,0.0141,0.2,60.0,LOW
2026-04-29 01:18:37,470,0.2842,0.0,0.2,60.0,LOW
2026-04-29 01:18:37,471,0.2786,0.0,0.2,60.0,LOW
2026-04-29 01:18:37,472,0.2894,0.0,0.2,60.0,LOW
2026-04-29 01:18:37,473,0.2973,0.0,0.2,60.0,LOW
2026-04-29 01:18:37,474,0.2916,0.0205,0.2,60.0,LOW
2026-04-29 01:18:37,475,0.2914,0.029,0.2,60.0,LOW
2026-04-29 01:18:37,476,0.2774,0.0141,0.2,60.0,LOW
2026-04-29 01:18:37,477,0.2719,0.0141,0.2,60.0,LOW
2026-04-29 01:18:37,478,0.2506,0.0274,0.2,72.0,LOW
2026-04-29 01:18:37,479,0.2561,0.027,0.2,72.0,LOW
2026-04-29 01:18:37,480,0.2884,0.058,0.2,72.0,LOW
2026-04-29 01:18:37,481,0.2918,0.0,0.2,72.0,LOW
2026-04-29 01:18:37,482,0.286,0.0,0.2,72.0,LOW
2026-04-29 01:18:37,483,0.2893,0.0,0.2,72.0,LOW
2026-04-29 01:18:37,484,0.2792,0.0139,0.2,72.0,LOW
2026-04-29 01:18:37,485,0.2945,0.0141,0.2,72.0,LOW
2026-04-29 01:18:37,486,0.3013,0.0141,0.2,72.0,LOW
2026-04-29 01:18:37,487,0.2764,0.0141,0.2,72.0,LOW
2026-04-29 01:18:38,488,0.2797,0.0143,0.2,72.0,LOW
2026-04-29 01:18:38,489,0.2772,0.0143,0.2,72.0,LOW
2026-04-29 01:18:38,490,0.2937,0.0,0.2,72.0,LOW
2026-04-29 01:18:38,491,0.3005,0.0145,0.2,72.0,LOW
2026-04-29 01:18:38,492,0.2937,0.0,0.2,72.0,LOW
2026-04-29 01:18:38,493,0.3084,0.0,0.2,72.0,LOW
2026-04-29 01:18:38,494,0.314,0.0135,0.2,72.0,LOW
2026-04-29 01:18:38,495,0.315,0.0,0.2,72.0,LOW
2026-04-29 01:18:38,496,0.3107,0.0139,0.2,72.0,LOW
2026-04-29 01:18:38,497,0.2806,0.0,0.2,72.0,LOW
2026-04-29 01:18:38,498,0.2907,0.0,0.2,72.0,LOW
2026-04-29 01:18:38,499,0.2897,0.0,0.2,72.0,LOW
2026-04-29 01:18:38,500,0.2922,0.0,0.2,72.0,LOW
2026-04-29 01:18:38,501,0.2945,0.0,0.2,72.0,LOW
2026-04-29 01:18:38,502,0.2882,0.0286,0.2,72.0,LOW
2026-04-29 01:18:38,503,0.2905,0.0143,0.2,72.0,LOW
2026-04-29 01:18:38,504,0.2969,0.0,0.2,72.0,LOW
2026-04-29 01:18:38,505,0.308,0.0,0.2,72.0,LOW
2026-04-29 01:18:38,506,0.2972,0.0,0.2,72.0,LOW
2026-04-29 01:18:38,507,0.2893,0.0,0.2,72.0,LOW
2026-04-29 01:18:38,508,0.2951,0.0,0.2,72.0,LOW
2026-04-29 01:18:38,509,0.2841,0.0555,0.2,72.0,LOW
2026-04-29 01:18:38,510,0.2784,0.0422,0.2,72.0,LOW
2026-04-29 01:18:38,511,0.3056,0.0,0.1333,72.0,LOW
2026-04-29 01:18:38,512,0.3108,0.0,0.1333,72.0,LOW
2026-04-29 01:18:38,513,0.2751,0.0,0.1333,72.0,LOW
2026-04-29 01:18:38,514,0.2854,0.0199,0.1333,72.0,LOW
2026-04-29 01:18:39,515,0.3081,0.0,0.1333,72.0,LOW
2026-04-29 01:18:39,516,0.2801,0.0,0.1333,72.0,LOW
2026-04-29 01:18:39,517,0.2994,0.0,0.1333,72.0,LOW
2026-04-29 01:18:39,518,0.299,0.0139,0.1333,72.0,LOW
2026-04-29 01:18:39,519,0.289,0.0,0.1333,72.0,LOW
2026-04-29 01:18:39,520,0.2959,0.0141,0.1333,72.0,LOW
2026-04-29 01:18:39,521,0.2786,0.0,0.1333,60.0,LOW
2026-04-29 01:18:39,522,0.2767,0.0,0.1333,60.0,LOW
2026-04-29 01:18:39,523,0.2767,0.0,0.1333,60.0,LOW
2026-04-29 01:18:39,524,0.2948,0.0285,0.1333,60.0,LOW
2026-04-29 01:18:39,525,0.2917,0.0282,0.1333,60.0,LOW
2026-04-29 01:18:39,526,0.2808,0.0,0.1333,60.0,LOW
2026-04-29 01:18:39,527,0.277,0.0,0.1333,60.0,LOW
2026-04-29 01:18:39,528,0.2932,0.0411,0.1333,60.0,LOW
2026-04-29 01:18:39,529,0.2826,0.0417,0.1333,60.0,LOW
2026-04-29 01:18:39,530,0.2999,0.0141,0.1333,60.0,LOW
2026-04-29 01:18:39,531,0.2343,0.0143,0.1333,72.0,LOW
2026-04-29 01:18:39,532,0.2498,0.0,0.1333,72.0,LOW
2026-04-29 01:18:39,533,0.2363,0.0139,0.1333,72.0,LOW
2026-04-29 01:18:39,534,0.2363,0.0278,0.1333,72.0,LOW
2026-04-29 01:18:39,535,0.2862,0.0,0.1333,72.0,LOW
2026-04-29 01:18:39,536,0.2829,0.0,0.1333,72.0,LOW
2026-04-29 01:18:39,537,0.2821,0.0145,0.1333,72.0,LOW
2026-04-29 01:18:39,538,0.3015,0.0,0.0667,72.0,OK
2026-04-29 01:18:39,539,0.298,0.0,0.0667,72.0,OK
2026-04-29 01:18:39,540,0.2869,0.0,0.0667,72.0,OK
2026-04-29 01:18:40,541,0.2804,0.0,0.0667,72.0,OK
2026-04-29 01:18:40,542,0.2806,0.0137,0.0667,72.0,OK
2026-04-29 01:18:40,543,0.2981,0.0,0.0667,72.0,OK
2026-04-29 01:18:40,544,0.2871,0.0139,0.0667,72.0,OK
2026-04-29 01:18:40,545,0.2924,0.0422,0.0667,72.0,OK
2026-04-29 01:18:40,546,0.288,0.031,0.0667,72.0,OK
2026-04-29 01:18:40,547,0.2962,0.0,0.0667,72.0,OK
2026-04-29 01:18:40,548,0.2754,0.0141,0.0667,72.0,OK
2026-04-29 01:18:40,549,0.2867,0.0,0.0,72.0,OK
2026-04-29 01:18:40,550,0.2927,0.0,0.0,60.0,OK
2026-04-29 01:18:40,551,0.3006,0.0,0.0,60.0,OK
2026-04-29 01:18:40,552,0.2815,0.0,0.0,60.0,OK
2026-04-29 01:18:40,553,0.2815,0.0,0.0,60.0,OK
2026-04-29 01:18:40,554,0.2964,0.0,0.0,60.0,OK
2026-04-29 01:18:40,555,0.2894,0.0143,0.0,60.0,OK
2026-04-29 01:18:40,556,0.2911,0.0,0.0,60.0,OK
2026-04-29 01:18:40,557,0.2826,0.0,0.0,60.0,OK
2026-04-29 01:18:40,558,0.2773,0.0145,0.0,60.0,OK
2026-04-29 01:18:40,559,0.2918,0.0,0.0,60.0,OK
2026-04-29 01:18:40,560,0.2909,0.0,0.0,60.0,OK
2026-04-29 01:18:40,561,0.279,0.0,0.0,60.0,OK
2026-04-29 01:18:40,562,0.2843,0.0,0.0,60.0,OK
2026-04-29 01:18:40,563,0.2685,0.0,0.0,60.0,OK
2026-04-29 01:18:40,564,0.2768,0.0135,0.0,60.0,OK
2026-04-29 01:18:40,565,0.2906,0.0135,0.0,60.0,OK
2026-04-29 01:18:40,566,0.2774,0.0,0.0,60.0,OK
2026-04-29 01:18:40,567,0.2787,0.0133,0.0,60.0,OK
2026-04-29 01:18:40,568,0.2935,0.0141,0.0,60.0,OK
2026-04-29 01:18:40,569,0.2982,0.0,0.0,60.0,OK
2026-04-29 01:18:41,570,0.3004,0.0143,0.0,48.0,OK
2026-04-29 01:18:41,571,0.3045,0.0,0.0,48.0,OK
2026-04-29 01:18:41,572,0.286,0.0,0.0,48.0,OK
2026-04-29 01:18:41,573,0.286,0.0,0.0,48.0,OK
2026-04-29 01:18:41,574,0.2961,0.0,0.0,48.0,OK
2026-04-29 01:18:41,575,0.3041,0.0141,0.0,48.0,OK
2026-04-29 01:18:41,576,0.298,0.0,0.0,48.0,OK
2026-04-29 01:18:41,577,0.2977,0.0139,0.0,48.0,OK
2026-04-29 01:18:41,578,0.2977,0.0,0.0,48.0,OK
2026-04-29 01:18:41,579,0.3071,0.0278,0.0,48.0,OK
2026-04-29 01:18:41,580,0.303,0.0278,0.0,48.0,OK
2026-04-29 01:18:41,581,0.2949,0.0302,0.0,48.0,OK
2026-04-29 01:18:41,582,0.2936,0.0139,0.0,48.0,OK
2026-04-29 01:18:41,583,0.3173,0.0278,0.0,48.0,OK
2026-04-29 01:18:41,584,0.2868,0.0143,0.0,48.0,OK
2026-04-29 01:18:41,585,0.2767,0.0141,0.0,48.0,OK
2026-04-29 01:18:41,586,0.3146,0.0,0.0,48.0,OK
2026-04-29 01:18:41,587,0.3006,0.0,0.0,48.0,OK
2026-04-29 01:18:41,588,0.2907,0.0,0.0,48.0,OK
2026-04-29 01:18:41,589,0.2959,0.0141,0.0,48.0,OK
2026-04-29 01:18:41,590,0.2724,0.0141,0.0,48.0,OK
2026-04-29 01:18:41,591,0.2804,0.0139,0.0,48.0,OK
2026-04-29 01:18:41,592,0.2159,0.0139,0.0,60.0,OK
2026-04-29 01:18:41,593,0.2817,0.0135,0.0,60.0,OK
2026-04-29 01:18:41,594,0.2765,0.0,0.0,60.0,OK
2026-04-29 01:18:41,595,0.3479,0.0,0.0,60.0,OK
2026-04-29 01:18:41,596,0.3266,0.0,0.0,60.0,OK
2026-04-29 01:18:42,597,0.3308,0.0143,0.0,48.0,OK
2026-04-29 01:18:42,598,0.3358,0.0,0.0,48.0,OK
2026-04-29 01:18:42,599,0.331,0.0137,0.0,48.0,OK
2026-04-29 01:18:42,600,0.3262,0.0,0.0,48.0,OK
2026-04-29 01:18:42,601,0.3342,0.0,0.0,48.0,OK
2026-04-29 01:18:42,602,0.341,0.0,0.0,48.0,OK
2026-04-29 01:18:42,603,0.3246,0.0139,0.0,48.0,OK
2026-04-29 01:18:42,604,0.3246,0.0139,0.0,48.0,OK
2026-04-29 01:18:42,605,0.3445,0.0,0.0,48.0,OK
2026-04-29 01:18:42,606,0.3507,0.0,0.0,48.0,OK
2026-04-29 01:18:42,607,0.3274,0.0202,0.0,48.0,OK
2026-04-29 01:18:42,608,0.3594,0.0141,0.0,36.0,OK
2026-04-29 01:18:42,609,0.3485,0.0143,0.0,36.0,OK
2026-04-29 01:18:42,610,0.3234,0.0139,0.0,36.0,OK
2026-04-29 01:18:42,611,0.3158,0.0,0.0,36.0,OK
2026-04-29 01:18:42,612,0.3311,0.0,0.0,36.0,OK
2026-04-29 01:18:42,613,0.3348,0.0,0.0,36.0,OK
2026-04-29 01:18:42,614,0.2926,0.0137,0.0,36.0,OK
2026-04-29 01:18:42,615,0.2938,0.0,0.0,36.0,OK
2026-04-29 01:18:42,616,0.1378,0.0143,0.0,48.0,OK
2026-04-29 01:18:42,617,0.148,0.0143,0.0,48.0,OK
2026-04-29 01:18:42,618,0.2728,0.0137,0.0,48.0,OK
2026-04-29 01:18:42,619,0.3079,0.0139,0.0,48.0,OK
2026-04-29 01:18:42,620,0.3012,0.0143,0.0,48.0,OK
2026-04-29 01:18:42,621,0.3076,0.0,0.0,48.0,OK
2026-04-29 01:18:42,622,0.3067,0.0,0.0,48.0,OK
2026-04-29 01:18:42,623,0.3204,0.0141,0.0,48.0,OK
2026-04-29 01:18:42,624,0.31,0.0141,0.0,48.0,OK
2026-04-29 01:18:42,625,0.3059,0.0,0.0,48.0,OK
2026-04-29 01:18:42,626,0.3266,0.0,0.0,48.0,OK
2026-04-29 01:18:43,627,0.3171,0.0141,0.0,36.0,OK
2026-04-29 01:18:43,628,0.3256,0.0433,0.0,36.0,OK
2026-04-29 01:18:43,629,0.3273,0.0,0.0,36.0,OK
2026-04-29 01:18:43,630,0.318,0.0,0.0,36.0,OK
2026-04-29 01:18:43,631,0.3168,0.0,0.0,36.0,OK
2026-04-29 01:18:43,632,0.324,0.0,0.0,36.0,OK
2026-04-29 01:18:43,633,0.329,0.0286,0.0,36.0,OK
2026-04-29 01:18:43,634,0.3313,0.0141,0.0,36.0,OK
2026-04-29 01:18:43,635,0.3061,0.0278,0.0,36.0,OK
2026-04-29 01:18:43,636,0.3061,0.0278,0.0,36.0,OK
2026-04-29 01:18:43,637,0.1808,0.0,0.0,48.0,OK
2026-04-29 01:18:43,638,0.1824,0.0,0.0,48.0,OK
2026-04-29 01:18:43,639,0.0454,0.0139,0.0,48.0,OK
2026-04-29 01:18:43,640,0.061,0.0141,0.0,48.0,OK
2026-04-29 01:18:43,641,0.2623,0.0278,0.0,48.0,OK
2026-04-29 01:18:43,642,0.2511,0.0278,0.0,60.0,OK
2026-04-29 01:18:43,643,0.3161,0.0,0.0,60.0,OK
2026-04-29 01:18:43,644,0.3156,0.0,0.0,60.0,OK
2026-04-29 01:18:43,645,0.3221,0.0135,0.0,60.0,OK
2026-04-29 01:18:43,646,0.327,0.0315,0.0,60.0,OK
2026-04-29 01:18:43,647,0.3255,0.0199,0.0,60.0,OK
2026-04-29 01:18:43,648,0.3287,0.0143,0.0,60.0,OK
2026-04-29 01:18:43,649,0.3287,0.0141,0.0,60.0,OK
2026-04-29 01:18:43,650,0.3263,0.0139,0.0,60.0,OK
2026-04-29 01:18:43,651,0.3273,0.0137,0.0,60.0,OK
2026-04-29 01:18:43,652,0.3196,0.0,0.0,60.0,OK
2026-04-29 01:18:43,653,0.3156,0.0,0.0,60.0,OK
2026-04-29 01:18:43,654,0.3059,0.0281,0.0,60.0,OK
2026-04-29 01:18:43,655,0.2987,0.0137,0.0,60.0,OK
2026-04-29 01:18:44,656,0.3001,0.0139,0.0,60.0,OK
2026-04-29 01:18:44,657,0.0686,0.0,0.0,72.0,OK
2026-04-29 01:18:44,658,0.0725,0.0,0.0,72.0,OK
2026-04-29 01:18:44,659,0.0971,0.0278,0.0,72.0,OK
2026-04-29 01:18:44,660,0.0881,0.0278,0.0,72.0,OK
2026-04-29 01:18:44,661,0.2745,0.0141,0.0,72.0,OK
2026-04-29 01:18:44,662,0.2677,0.0139,0.0,72.0,OK
2026-04-29 01:18:44,663,0.3007,0.0,0.0,72.0,OK
2026-04-29 01:18:44,664,0.3064,0.0,0.0,72.0,OK
2026-04-29 01:18:44,665,0.3025,0.0,0.0,72.0,OK
2026-04-29 01:18:44,666,0.3023,0.0143,0.0,72.0,OK
2026-04-29 01:18:44,667,0.3091,0.0143,0.0,72.0,OK
2026-04-29 01:18:44,668,0.283,0.0145,0.0,72.0,OK
2026-04-29 01:18:44,669,0.2869,0.0,0.0,72.0,OK
2026-04-29 01:18:44,670,0.3012,0.0,0.0,72.0,OK
2026-04-29 01:18:44,671,0.2947,0.0428,0.0,72.0,OK
2026-04-29 01:18:44,672,0.3004,0.0422,0.0,72.0,OK
2026-04-29 01:18:44,673,0.1009,0.0,0.0,84.0,OK
2026-04-29 01:18:44,674,0.1055,0.0,0.0,84.0,OK
2026-04-29 01:18:44,675,0.0569,0.0143,0.0,84.0,OK
2026-04-29 01:18:44,676,0.0562,0.0143,0.0,84.0,OK
2026-04-29 01:18:44,677,0.0639,0.0,0.0,84.0,OK
2026-04-29 01:18:44,678,0.0721,0.0,0.0667,84.0,OK
2026-04-29 01:18:44,679,0.2644,0.0,0.0667,84.0,OK
2026-04-29 01:18:44,680,0.3233,0.0282,0.0667,72.0,OK
2026-04-29 01:18:44,681,0.3127,0.0,0.0667,72.0,OK
2026-04-29 01:18:44,682,0.3217,0.0141,0.0667,72.0,OK
2026-04-29 01:18:44,683,0.3269,0.0,0.0667,72.0,OK
2026-04-29 01:18:44,684,0.3281,0.0,0.0667,72.0,OK
2026-04-29 01:18:44,685,0.3277,0.0143,0.0667,72.0,OK
2026-04-29 01:18:45,686,0.3438,0.0,0.0667,72.0,OK
2026-04-29 01:18:45,687,0.3365,0.0,0.0667,72.0,OK
2026-04-29 01:18:45,688,0.3368,0.0,0.0667,72.0,OK
2026-04-29 01:18:45,689,0.3238,0.0143,0.0667,72.0,OK
2026-04-29 01:18:45,690,0.2936,0.0147,0.0667,72.0,OK
2026-04-29 01:18:45,691,0.2927,0.0147,0.0667,72.0,OK
2026-04-29 01:18:45,692,0.2831,0.0,0.0667,72.0,OK
2026-04-29 01:18:45,693,0.2743,0.0141,0.0667,72.0,OK
2026-04-29 01:18:45,694,0.2782,0.0139,0.0667,72.0,OK
2026-04-29 01:18:45,695,0.2614,0.0278,0.0667,72.0,OK
2026-04-29 01:18:45,696,0.2743,0.0,0.0667,72.0,OK
2026-04-29 01:18:45,697,0.2807,0.0,0.0667,72.0,OK
2026-04-29 01:18:45,698,0.277,0.0274,0.0667,72.0,OK
2026-04-29 01:18:45,699,0.2625,0.0141,0.0667,72.0,OK
2026-04-29 01:18:45,700,0.2685,0.0196,0.0667,72.0,OK
2026-04-29 01:18:45,701,0.2745,0.0,0.0667,72.0,OK
2026-04-29 01:18:45,702,0.2799,0.0,0.0667,72.0,OK
2026-04-29 01:18:45,703,0.2793,0.0143,0.0667,72.0,OK
2026-04-29 01:18:45,704,0.288,0.0141,0.0667,72.0,OK
2026-04-29 01:18:45,705,0.2799,0.0135,0.0667,72.0,OK
2026-04-29 01:18:45,706,0.2926,0.0149,0.0667,72.0,OK
2026-04-29 01:18:45,707,0.2982,0.0,0.0667,72.0,OK
2026-04-29 01:18:45,708,0.298,0.0278,0.0667,72.0,OK
2026-04-29 01:18:45,709,0.2937,0.0135,0.0667,72.0,OK
2026-04-29 01:18:45,710,0.3099,0.0,0.0667,72.0,OK
2026-04-29 01:18:45,711,0.3149,0.0,0.0667,72.0,OK
2026-04-29 01:18:45,712,0.3225,0.0278,0.0667,72.0,OK
2026-04-29 01:18:45,713,0.3104,0.0,0.0667,72.0,OK
2026-04-29 01:18:46,714,0.3093,0.0,0.0667,72.0,OK
2026-04-29 01:18:46,715,0.3191,0.0,0.0667,72.0,OK
2026-04-29 01:18:46,716,0.3177,0.0,0.0667,72.0,OK
2026-04-29 01:18:46,717,0.3177,0.0,0.0667,72.0,OK
2026-04-29 01:18:46,718,0.3094,0.0,0.0667,72.0,OK
2026-04-29 01:18:46,719,0.3201,0.0143,0.0667,72.0,OK
2026-04-29 01:18:46,720,0.3144,0.0,0.0667,72.0,OK
2026-04-29 01:18:46,721,0.3256,0.0,0.0667,72.0,OK
2026-04-29 01:18:46,722,0.3266,0.0,0.0667,72.0,OK
2026-04-29 01:18:46,723,0.3469,0.0145,0.0667,72.0,OK
2026-04-29 01:18:46,724,0.3319,0.0145,0.0667,72.0,OK
2026-04-29 01:18:46,725,0.3211,0.0145,0.0667,72.0,OK
2026-04-29 01:18:46,726,0.3433,0.0,0.0667,72.0,OK
2026-04-29 01:18:46,727,0.3384,0.0139,0.0667,72.0,OK
2026-04-29 01:18:46,728,0.3312,0.0,0.0667,72.0,OK
2026-04-29 01:18:46,729,0.3251,0.0,0.0667,72.0,OK
2026-04-29 01:18:46,730,0.3362,0.0145,0.0667,72.0,OK
2026-04-29 01:18:46,731,0.3446,0.0145,0.0667,72.0,OK
2026-04-29 01:18:46,732,0.3294,0.0141,0.0667,72.0,OK
2026-04-29 01:18:46,733,0.3241,0.0143,0.0667,72.0,OK
2026-04-29 01:18:46,734,0.3179,0.0,0.0667,72.0,OK
2026-04-29 01:18:46,735,0.3242,0.0,0.0667,72.0,OK
2026-04-29 01:18:46,736,0.1401,0.0,0.0667,84.0,OK
2026-04-29 01:18:46,737,0.262,0.0,0.0667,84.0,OK
2026-04-29 01:18:46,738,0.2389,0.0,0.0667,96.0,OK
2026-04-29 01:18:46,739,0.3051,0.0139,0.0667,96.0,OK
2026-04-29 01:18:46,740,0.3064,0.0143,0.0667,96.0,OK
2026-04-29 01:18:46,741,0.3357,0.0294,0.0667,84.0,OK
2026-04-29 01:18:46,742,0.3357,0.0294,0.0667,84.0,OK
2026-04-29 01:18:47,743,0.333,0.0,0.0667,84.0,OK
2026-04-29 01:18:47,744,0.3316,0.0,0.0667,84.0,OK
2026-04-29 01:18:47,745,0.3316,0.0143,0.0667,84.0,OK
2026-04-29 01:18:47,746,0.3239,0.0,0.0667,84.0,OK
2026-04-29 01:18:47,747,0.3262,0.0147,0.0667,84.0,OK
2026-04-29 01:18:47,748,0.3188,0.0282,0.0667,84.0,OK
2026-04-29 01:18:47,749,0.3137,0.0281,0.0667,84.0,OK
2026-04-29 01:18:47,750,0.3326,0.0,0.0667,84.0,OK
2026-04-29 01:18:47,751,0.3238,0.0,0.0667,84.0,OK
2026-04-29 01:18:47,752,0.3213,0.0,0.0667,84.0,OK
2026-04-29 01:18:47,753,0.3082,0.0143,0.0667,84.0,OK
2026-04-29 01:18:47,754,0.313,0.0141,0.0667,84.0,OK
2026-04-29 01:18:47,755,0.3249,0.0139,0.0667,84.0,OK
2026-04-29 01:18:47,756,0.326,0.0139,0.0667,84.0,OK
2026-04-29 01:18:47,757,0.3155,0.0147,0.0667,84.0,OK
2026-04-29 01:18:47,758,0.3144,0.0145,0.0667,84.0,OK
2026-04-29 01:18:47,759,0.2864,0.0143,0.0667,84.0,OK
2026-04-29 01:18:47,760,0.2868,0.0,0.0667,84.0,OK
2026-04-29 01:18:47,761,0.2102,0.0,0.0667,96.0,OK
2026-04-29 01:18:47,762,0.1902,0.0,0.0667,96.0,OK
2026-04-29 01:18:47,763,0.1691,0.0,0.0,96.0,OK
2026-04-29 01:18:47,764,0.2979,0.0,0.0,96.0,OK
2026-04-29 01:18:47,765,0.2921,0.0,0.0,84.0,OK
2026-04-29 01:18:47,766,0.2903,0.0,0.0,84.0,OK
2026-04-29 01:18:47,767,0.3094,0.0141,0.0,84.0,OK
2026-04-29 01:18:47,768,0.3053,0.0141,0.0,84.0,OK
2026-04-29 01:18:47,769,0.31,0.0,0.0,84.0,OK
2026-04-29 01:18:47,770,0.307,0.0135,0.0,84.0,OK
2026-04-29 01:18:48,771,0.3253,0.0,0.0,84.0,OK
2026-04-29 01:18:48,772,0.3194,0.0,0.0,84.0,OK
2026-04-29 01:18:48,773,0.3194,0.0,0.0,84.0,OK
2026-04-29 01:18:48,774,0.31,0.0,0.0,84.0,OK
2026-04-29 01:18:48,775,0.3116,0.0,0.0,84.0,OK
2026-04-29 01:18:48,776,0.2921,0.0143,0.0,84.0,OK
2026-04-29 01:18:48,777,0.2104,0.0,0.0,96.0,OK
2026-04-29 01:18:48,778,0.2157,0.0,0.0,96.0,OK
2026-04-29 01:18:48,779,0.0979,0.0,0.0,96.0,OK
2026-04-29 01:18:48,780,0.1203,0.0,0.0,96.0,OK
2026-04-29 01:18:48,781,0.2387,0.0145,0.0,96.0,OK
2026-04-29 01:18:48,782,0.2327,0.0147,0.0667,96.0,OK
2026-04-29 01:18:48,783,0.2831,0.0,0.0667,96.0,OK
2026-04-29 01:18:48,784,0.2809,0.0,0.0667,96.0,OK
2026-04-29 01:18:48,785,0.3047,0.0143,0.0667,96.0,OK
2026-04-29 01:18:48,786,0.3161,0.0141,0.0667,84.0,OK
2026-04-29 01:18:48,787,0.3186,0.0,0.0667,84.0,OK
2026-04-29 01:18:48,788,0.3178,0.0143,0.0667,84.0,OK
2026-04-29 01:18:48,789,0.3151,0.0141,0.0667,84.0,OK
2026-04-29 01:18:48,790,0.3232,0.0145,0.0667,84.0,OK
2026-04-29 01:18:48,791,0.3267,0.0143,0.0667,72.0,OK
2026-04-29 01:18:48,792,0.3283,0.0,0.0667,72.0,OK
2026-04-29 01:18:48,793,0.3283,0.0,0.0667,72.0,OK
2026-04-29 01:18:48,794,0.3451,0.0,0.0667,72.0,OK
2026-04-29 01:18:48,795,0.33,0.029,0.0667,72.0,OK
2026-04-29 01:18:48,796,0.3257,0.0452,0.0667,72.0,OK
2026-04-29 01:18:48,797,0.3008,0.0,0.0667,72.0,OK
2026-04-29 01:18:48,798,0.3019,0.0,0.0667,72.0,OK
2026-04-29 01:18:48,799,0.1106,0.0141,0.0667,84.0,OK
2026-04-29 01:18:48,800,0.1127,0.0141,0.0667,84.0,OK
2026-04-29 01:18:49,801,0.0566,0.0137,0.0667,84.0,OK
2026-04-29 01:18:49,802,0.0566,0.0,0.0667,84.0,OK
2026-04-29 01:18:49,803,0.186,0.0149,0.0667,84.0,OK
2026-04-29 01:18:49,804,0.1715,0.0,0.1333,84.0,LOW
2026-04-29 01:18:49,805,0.2835,0.0,0.1333,84.0,LOW
2026-04-29 01:18:49,806,0.3199,0.0,0.1333,72.0,LOW
2026-04-29 01:18:49,807,0.3086,0.0,0.1333,72.0,LOW
2026-04-29 01:18:49,808,0.2892,0.0,0.1333,72.0,LOW
2026-04-29 01:18:49,809,0.3164,0.0143,0.1333,72.0,LOW
2026-04-29 01:18:49,810,0.3156,0.0,0.1333,72.0,LOW
2026-04-29 01:18:49,811,0.3102,0.0,0.1333,72.0,LOW
2026-04-29 01:18:49,812,0.2992,0.0,0.1333,72.0,LOW
2026-04-29 01:18:49,813,0.307,0.0147,0.1333,72.0,LOW
2026-04-29 01:18:49,814,0.3208,0.0,0.1333,72.0,LOW
2026-04-29 01:18:49,815,0.3143,0.0,0.1333,72.0,LOW
2026-04-29 01:18:49,816,0.3245,0.0141,0.1333,72.0,LOW
2026-04-29 01:18:49,817,0.3301,0.0,0.1333,72.0,LOW
2026-04-29 01:18:49,818,0.3189,0.0,0.1333,72.0,LOW
2026-04-29 01:18:49,819,0.3334,0.0141,0.1333,72.0,LOW
2026-04-29 01:18:49,820,0.3356,0.0141,0.1333,72.0,LOW
2026-04-29 01:18:49,821,0.3229,0.0,0.1333,72.0,LOW
2026-04-29 01:18:49,822,0.3269,0.0,0.1333,60.0,LOW
2026-04-29 01:18:49,823,0.2881,0.0,0.1333,60.0,LOW
2026-04-29 01:18:49,824,0.3192,0.0143,0.1333,60.0,LOW
2026-04-29 01:18:50,825,0.3048,0.0141,0.1333,60.0,LOW
2026-04-29 01:18:50,826,0.3104,0.0,0.1333,60.0,LOW
2026-04-29 01:18:50,827,0.3007,0.0139,0.1333,60.0,LOW
2026-04-29 01:18:50,828,0.304,0.0139,0.1333,60.0,LOW
2026-04-29 01:18:50,829,0.2972,0.0143,0.1333,60.0,LOW
2026-04-29 01:18:50,830,0.2993,0.0143,0.1333,60.0,LOW
2026-04-29 01:18:50,831,0.2958,0.0141,0.1333,60.0,LOW
2026-04-29 01:18:50,832,0.2862,0.0139,0.1333,60.0,LOW
2026-04-29 01:18:50,833,0.293,0.0,0.1333,60.0,LOW
2026-04-29 01:18:50,834,0.2827,0.0,0.1333,60.0,LOW
2026-04-29 01:18:50,835,0.2968,0.0139,0.1333,60.0,LOW
2026-04-29 01:18:50,836,0.2934,0.0,0.1333,60.0,LOW
2026-04-29 01:18:50,837,0.3001,0.0,0.1333,60.0,LOW
2026-04-29 01:18:50,838,0.2873,0.0139,0.1333,60.0,LOW
2026-04-29 01:18:50,839,0.2809,0.0,0.1333,60.0,LOW
2026-04-29 01:18:50,840,0.3042,0.0,0.1333,60.0,LOW
2026-04-29 01:18:50,841,0.3201,0.0,0.1333,60.0,LOW
2026-04-29 01:18:50,842,0.3219,0.0,0.1333,60.0,LOW
2026-04-29 01:18:50,843,0.3219,0.0141,0.1333,60.0,LOW
2026-04-29 01:18:50,844,0.2819,0.0267,0.1333,60.0,LOW
2026-04-29 01:18:50,845,0.2945,0.04,0.1333,60.0,LOW
2026-04-29 01:18:50,846,0.2991,0.0439,0.1333,60.0,LOW
2026-04-29 01:18:50,847,0.301,0.0,0.1333,60.0,LOW
2026-04-29 01:18:50,848,0.2761,0.0139,0.1333,60.0,LOW
2026-04-29 01:18:50,849,0.2783,0.0411,0.1333,60.0,LOW
2026-04-29 01:18:50,850,0.0652,0.0416,0.1333,72.0,LOW
2026-04-29 01:18:50,851,0.1781,0.0139,0.1333,72.0,LOW
2026-04-29 01:18:51,852,0.1523,0.0137,0.1333,72.0,LOW
2026-04-29 01:18:51,853,0.2692,0.0,0.1333,72.0,LOW
2026-04-29 01:18:51,854,0.2743,0.0,0.1333,72.0,LOW
2026-04-29 01:18:51,855,0.2919,0.0137,0.1333,72.0,LOW
2026-04-29 01:18:51,856,0.286,0.0,0.1333,72.0,LOW
2026-04-29 01:18:51,857,0.2756,0.0282,0.1333,72.0,LOW
2026-04-29 01:18:51,858,0.0582,0.0141,0.1333,84.0,LOW
2026-04-29 01:18:51,859,0.0805,0.0143,0.1333,84.0,LOW
2026-04-29 01:18:51,860,0.0916,0.0141,0.1333,84.0,LOW
2026-04-29 01:18:51,861,0.1045,0.0139,0.1333,84.0,LOW
2026-04-29 01:18:51,862,0.2495,0.0147,0.1333,84.0,LOW
2026-04-29 01:18:51,863,0.241,0.0147,0.2,84.0,LOW
2026-04-29 01:18:51,864,0.2727,0.0278,0.2,84.0,LOW
2026-04-29 01:18:51,865,0.2683,0.0278,0.2,84.0,LOW
2026-04-29 01:18:51,866,0.0716,0.0,0.2,96.0,LOW
2026-04-29 01:18:51,867,0.0713,0.0,0.1333,96.0,LOW
2026-04-29 01:18:51,868,0.084,0.0143,0.1333,96.0,LOW
2026-04-29 01:18:51,869,0.2898,0.0,0.1333,96.0,LOW
2026-04-29 01:18:51,870,0.2726,0.0143,0.1333,96.0,LOW
2026-04-29 01:18:51,871,0.2869,0.0286,0.1333,96.0,LOW
2026-04-29 01:18:51,872,0.2858,0.0139,0.1333,96.0,LOW
2026-04-29 01:18:51,873,0.2751,0.0,0.1333,96.0,LOW
2026-04-29 01:18:51,874,0.283,0.0145,0.1333,96.0,LOW
2026-04-29 01:18:51,875,0.2708,0.0,0.1333,96.0,LOW
2026-04-29 01:18:51,876,0.2824,0.0,0.1333,96.0,LOW
2026-04-29 01:18:51,877,0.2916,0.0143,0.1333,96.0,LOW
2026-04-29 01:18:51,878,0.2898,0.0,0.1333,96.0,LOW
2026-04-29 01:18:52,879,0.2817,0.0,0.1333,96.0,LOW
2026-04-29 01:18:52,880,0.2903,0.0,0.1333,96.0,LOW
2026-04-29 01:18:52,881,0.1806,0.0145,0.1333,108.0,LOW
2026-04-29 01:18:52,882,0.1887,0.029,0.1333,108.0,LOW
2026-04-29 01:18:52,883,0.0591,0.0,0.1333,108.0,LOW
2026-04-29 01:18:52,884,0.0494,0.0,0.1333,108.0,LOW
2026-04-29 01:18:52,885,0.0779,0.0145,0.1333,96.0,LOW
2026-04-29 01:18:52,886,0.2103,0.029,0.2,96.0,LOW
2026-04-29 01:18:52,887,0.2141,0.0149,0.2111,84.0,MEDIUM
2026-04-29 01:18:52,888,0.0946,0.0143,0.2222,84.0,MEDIUM
2026-04-29 01:18:52,889,0.2358,0.0,0.1667,84.0,LOW
2026-04-29 01:18:52,890,0.1461,0.0141,0.1778,84.0,LOW
2026-04-29 01:18:52,891,0.1322,0.0,0.1889,84.0,LOW
2026-04-29 01:18:52,892,0.0577,0.0,0.2,84.0,LOW
2026-04-29 01:18:52,893,0.0636,0.0145,0.2111,84.0,MEDIUM
2026-04-29 01:18:52,894,0.1527,0.0,0.2222,84.0,MEDIUM
2026-04-29 01:18:52,895,0.1534,0.0149,0.2333,84.0,MEDIUM
2026-04-29 01:18:52,896,0.2317,0.0,0.2444,84.0,MEDIUM
2026-04-29 01:18:52,897,0.2325,0.0,0.2556,84.0,MEDIUM
2026-04-29 01:18:52,898,0.0801,0.0458,0.2667,84.0,MEDIUM
2026-04-29 01:18:52,899,0.0769,0.0,0.2778,84.0,MEDIUM
2026-04-29 01:18:52,900,0.0649,0.0141,0.2889,84.0,MEDIUM
2026-04-29 01:18:52,901,0.202,0.0,0.3,84.0,MEDIUM
2026-04-29 01:18:52,902,0.2032,0.0139,0.3111,84.0,HIGH
2026-04-29 01:18:52,903,0.0829,0.0145,0.3222,84.0,HIGH
2026-04-29 01:18:53,904,0.0899,0.0,0.3333,84.0,HIGH
2026-04-29 01:18:53,905,0.0802,0.0,0.3444,84.0,HIGH
2026-04-29 01:18:53,906,0.212,0.0141,0.3556,84.0,HIGH
2026-04-29 01:18:53,907,0.1995,0.0141,0.3667,84.0,HIGH
2026-04-29 01:18:53,908,0.2582,0.0,0.3667,84.0,HIGH
2026-04-29 01:18:53,909,0.1406,0.0139,0.3667,96.0,HIGH
2026-04-29 01:18:53,910,0.1581,0.0,0.3667,84.0,HIGH
2026-04-29 01:18:53,911,0.0712,0.0145,0.3667,84.0,HIGH
2026-04-29 01:18:53,912,0.0633,0.0143,0.3667,84.0,HIGH
2026-04-29 01:18:53,913,0.223,0.0,0.3667,84.0,HIGH
2026-04-29 01:18:53,914,0.2048,0.0143,0.4333,84.0,CRITICAL
2026-04-29 01:18:53,915,0.2815,0.0147,0.4333,84.0,CRITICAL
2026-04-29 01:18:53,916,0.2771,0.0149,0.4333,84.0,CRITICAL
2026-04-29 01:18:53,917,0.292,0.0139,0.4333,84.0,CRITICAL
2026-04-29 01:18:53,918,0.3125,0.0,0.4333,84.0,CRITICAL
2026-04-29 01:18:53,919,0.314,0.0,0.4333,84.0,CRITICAL
2026-04-29 01:18:53,920,0.3341,0.0143,0.4333,84.0,CRITICAL
2026-04-29 01:18:53,921,0.3341,0.0143,0.4333,84.0,CRITICAL
2026-04-29 01:18:53,922,0.3109,0.0,0.4333,84.0,CRITICAL
2026-04-29 01:18:53,923,0.297,0.0285,0.4333,84.0,CRITICAL
2026-04-29 01:18:53,924,0.3254,0.0,0.4333,84.0,CRITICAL
2026-04-29 01:18:53,925,0.3157,0.0137,0.4333,84.0,CRITICAL
2026-04-29 01:18:53,926,0.3247,0.0,0.4333,72.0,CRITICAL
2026-04-29 01:18:53,927,0.3073,0.0135,0.4333,72.0,CRITICAL
2026-04-29 01:18:53,928,0.3053,0.0274,0.4333,72.0,CRITICAL
2026-04-29 01:18:53,929,0.3215,0.0137,0.4333,72.0,CRITICAL
2026-04-29 01:18:53,930,0.3096,0.0137,0.4333,72.0,CRITICAL
2026-04-29 01:18:54,931,0.307,0.0139,0.4333,72.0,CRITICAL
2026-04-29 01:18:54,932,0.3237,0.0141,0.4333,72.0,CRITICAL
2026-04-29 01:18:54,933,0.3222,0.0141,0.4333,72.0,CRITICAL
2026-04-29 01:18:54,934,0.3289,0.0,0.4333,72.0,CRITICAL
2026-04-29 01:18:54,935,0.3228,0.0,0.4333,72.0,CRITICAL
2026-04-29 01:18:54,936,0.3172,0.0143,0.4333,72.0,CRITICAL
2026-04-29 01:18:54,937,0.3183,0.0145,0.4333,72.0,CRITICAL
2026-04-29 01:18:54,938,0.3008,0.0,0.4333,72.0,CRITICAL
2026-04-29 01:18:54,939,0.2896,0.0141,0.4333,72.0,CRITICAL
2026-04-29 01:18:54,940,0.1119,0.0147,0.4333,84.0,CRITICAL
2026-04-29 01:18:54,941,0.0631,0.0,0.4333,84.0,CRITICAL
2026-04-29 01:18:54,942,0.0779,0.0281,0.4333,84.0,CRITICAL
2026-04-29 01:18:54,943,0.0696,0.0285,0.4333,84.0,CRITICAL
2026-04-29 01:18:54,944,0.0637,0.0,0.4333,84.0,CRITICAL
2026-04-29 01:18:54,945,0.058,0.0145,0.5,84.0,CRITICAL
2026-04-29 01:18:54,946,0.0703,0.0147,0.5111,84.0,CRITICAL
2026-04-29 01:18:54,947,0.0612,0.0151,0.5222,84.0,CRITICAL
2026-04-29 01:18:54,948,0.0671,0.0,0.4667,72.0,CRITICAL
2026-04-29 01:18:54,949,0.0678,0.0,0.4778,72.0,CRITICAL
2026-04-29 01:18:54,950,0.0695,0.0,0.4889,72.0,CRITICAL
2026-04-29 01:18:54,951,0.0581,0.0,0.5,72.0,CRITICAL
2026-04-29 01:18:54,952,0.0589,0.0,0.5111,72.0,CRITICAL
2026-04-29 01:18:54,953,0.0794,0.0145,0.5222,72.0,CRITICAL
2026-04-29 01:18:54,954,0.0709,0.0145,0.5333,72.0,CRITICAL
2026-04-29 01:18:54,955,0.2234,0.0285,0.5444,72.0,CRITICAL
2026-04-29 01:18:54,956,0.2059,0.0145,0.5556,72.0,CRITICAL
2026-04-29 01:18:54,957,0.3129,0.0147,0.5556,72.0,CRITICAL
2026-04-29 01:18:54,958,0.3071,0.0145,0.5556,72.0,CRITICAL
2026-04-29 01:18:55,959,0.3232,0.0139,0.5556,72.0,CRITICAL
2026-04-29 01:18:55,960,0.3196,0.0422,0.5556,72.0,CRITICAL
2026-04-29 01:18:55,961,0.3272,0.0286,0.5556,72.0,CRITICAL
2026-04-29 01:18:55,962,0.3453,0.0145,0.5556,72.0,CRITICAL
2026-04-29 01:18:55,963,0.3205,0.0,0.5556,72.0,CRITICAL
2026-04-29 01:18:55,964,0.1323,0.0147,0.5556,84.0,CRITICAL
2026-04-29 01:18:55,965,0.1312,0.0147,0.5556,84.0,CRITICAL
2026-04-29 01:18:55,966,0.2632,0.0,0.5556,84.0,CRITICAL
2026-04-29 01:18:55,967,0.2624,0.0,0.5556,84.0,CRITICAL
2026-04-29 01:18:55,968,0.3591,0.0,0.5556,84.0,CRITICAL
2026-04-29 01:18:55,969,0.3421,0.0,0.5556,84.0,CRITICAL
2026-04-29 01:18:55,970,0.3461,0.0,0.5556,84.0,CRITICAL
2026-04-29 01:18:55,971,0.3452,0.0,0.5444,84.0,CRITICAL
2026-04-29 01:18:55,972,0.3425,0.0,0.5333,84.0,CRITICAL
2026-04-29 01:18:55,973,0.338,0.0,0.5222,84.0,CRITICAL
2026-04-29 01:18:55,974,0.3409,0.0,0.5111,84.0,CRITICAL
2026-04-29 01:18:55,975,0.3654,0.0145,0.5,84.0,CRITICAL
2026-04-29 01:18:55,976,0.3643,0.0145,0.4889,84.0,CRITICAL
2026-04-29 01:18:55,977,0.3521,0.0143,0.4778,84.0,CRITICAL
2026-04-29 01:18:55,978,0.3287,0.029,0.4667,84.0,CRITICAL
2026-04-29 01:18:55,979,0.3339,0.029,0.4556,84.0,CRITICAL
2026-04-29 01:18:55,980,0.3424,0.0,0.4444,84.0,CRITICAL
2026-04-29 01:18:55,981,0.3434,0.0,0.4333,84.0,CRITICAL
2026-04-29 01:18:55,982,0.3326,0.0141,0.4222,84.0,CRITICAL
2026-04-29 01:18:55,983,0.31,0.0145,0.4111,84.0,CRITICAL
2026-04-29 01:18:56,984,0.3115,0.0,0.4,84.0,HIGH
2026-04-29 01:18:56,985,0.2498,0.0,0.3889,96.0,HIGH
2026-04-29 01:18:56,986,0.26,0.0,0.3778,96.0,HIGH
2026-04-29 01:18:56,987,0.2577,0.0,0.3667,96.0,HIGH
2026-04-29 01:18:56,988,0.2594,0.0141,0.3556,96.0,HIGH
2026-04-29 01:18:56,989,0.2171,0.0557,0.3444,108.0,HIGH
2026-04-29 01:18:56,990,0.2565,0.0,0.3333,108.0,HIGH
2026-04-29 01:18:56,991,0.2597,0.0,0.3222,108.0,HIGH
2026-04-29 01:18:56,992,0.2664,0.0448,0.2556,108.0,MEDIUM
2026-04-29 01:18:56,993,0.2608,0.0435,0.2556,108.0,MEDIUM
2026-04-29 01:18:56,994,0.269,0.0,0.2556,108.0,MEDIUM
2026-04-29 01:18:56,995,0.2639,0.0,0.2556,108.0,MEDIUM
2026-04-29 01:18:56,996,0.268,0.0,0.2556,108.0,MEDIUM
2026-04-29 01:18:56,997,0.2859,0.0,0.2556,108.0,MEDIUM
2026-04-29 01:18:56,998,0.2918,0.0,0.2556,108.0,MEDIUM
2026-04-29 01:18:56,999,0.2804,0.0416,0.1889,96.0,LOW
2026-04-29 01:18:56,1000,0.2771,0.0416,0.1889,96.0,LOW
2026-04-29 01:18:56,1001,0.2789,0.0191,0.1889,96.0,LOW
2026-04-29 01:18:56,1002,0.2904,0.0,0.1889,96.0,LOW
2026-04-29 01:18:56,1003,0.2767,0.0,0.1889,96.0,LOW
2026-04-29 01:18:56,1004,0.2905,0.0,0.1889,96.0,LOW
2026-04-29 01:18:56,1005,0.2818,0.0137,0.1889,96.0,LOW
2026-04-29 01:18:56,1006,0.2847,0.0,0.1889,96.0,LOW
2026-04-29 01:18:56,1007,0.2884,0.0,0.1889,84.0,LOW
2026-04-29 01:18:56,1008,0.2874,0.0,0.1889,84.0,LOW
2026-04-29 01:18:56,1009,0.2663,0.0,0.1889,84.0,LOW
2026-04-29 01:18:56,1010,0.2731,0.0,0.1889,84.0,LOW
2026-04-29 01:18:57,1011,0.2718,0.0145,0.1889,84.0,LOW
2026-04-29 01:18:57,1012,0.2718,0.0145,0.1889,84.0,LOW
2026-04-29 01:18:57,1013,0.2935,0.0143,0.1889,84.0,LOW
2026-04-29 01:18:57,1014,0.2875,0.0,0.1889,84.0,LOW
2026-04-29 01:18:57,1015,0.2897,0.0,0.1889,72.0,LOW
2026-04-29 01:18:57,1016,0.2945,0.0,0.1889,72.0,LOW
2026-04-29 01:18:57,1017,0.2961,0.0,0.1889,72.0,LOW
2026-04-29 01:18:57,1018,0.2861,0.0,0.1889,72.0,LOW
2026-04-29 01:18:57,1019,0.2739,0.0,0.1889,72.0,LOW
2026-04-29 01:18:57,1020,0.2751,0.0,0.1889,72.0,LOW
2026-04-29 01:18:57,1021,0.2784,0.0278,0.1889,72.0,LOW
2026-04-29 01:18:57,1022,0.2821,0.0143,0.1889,72.0,LOW
2026-04-29 01:18:57,1023,0.2838,0.0285,0.1889,72.0,LOW
2026-04-29 01:18:57,1024,0.2663,0.0422,0.1889,72.0,LOW
2026-04-29 01:18:57,1025,0.2663,0.0422,0.1889,72.0,LOW
2026-04-29 01:18:57,1026,0.2289,0.0,0.1889,84.0,LOW
2026-04-29 01:18:57,1027,0.2289,0.0,0.1889,84.0,LOW
2026-04-29 01:18:57,1028,0.2398,0.0,0.1889,84.0,LOW
2026-04-29 01:18:57,1029,0.2532,0.0137,0.1889,84.0,LOW
2026-04-29 01:18:57,1030,0.2519,0.0139,0.1778,72.0,LOW
2026-04-29 01:18:57,1031,0.2694,0.0277,0.1667,72.0,LOW
2026-04-29 01:18:57,1032,0.2703,0.0281,0.1556,72.0,LOW
2026-04-29 01:18:57,1033,0.2757,0.0143,0.1444,72.0,LOW
2026-04-29 01:18:57,1034,0.2767,0.0,0.1333,72.0,LOW
2026-04-29 01:18:57,1035,0.2731,0.0,0.1222,72.0,LOW
2026-04-29 01:18:57,1036,0.2736,0.0,0.1111,72.0,OK
2026-04-29 01:18:58,1037,0.2836,0.0,0.1,72.0,OK
2026-04-29 01:18:58,1038,0.2907,0.0196,0.0889,72.0,OK
2026-04-29 01:18:58,1039,0.2799,0.0,0.0778,72.0,OK
2026-04-29 01:18:58,1040,0.2657,0.0141,0.0667,72.0,OK
2026-04-29 01:18:58,1041,0.2756,0.0,0.0,72.0,OK
2026-04-29 01:18:58,1042,0.275,0.0139,0.0,72.0,OK
2026-04-29 01:18:58,1043,0.2781,0.0139,0.0,72.0,OK
2026-04-29 01:18:58,1044,0.285,0.0191,0.0,72.0,OK
2026-04-29 01:18:58,1045,0.2819,0.0137,0.0,72.0,OK
2026-04-29 01:18:58,1046,0.272,0.0143,0.0,72.0,OK
2026-04-29 01:18:58,1047,0.2809,0.0143,0.0,72.0,OK
2026-04-29 01:18:58,1048,0.2703,0.0285,0.0,72.0,OK
2026-04-29 01:18:58,1049,0.2746,0.0145,0.0,72.0,OK
2026-04-29 01:18:58,1050,0.2774,0.0,0.0,72.0,OK
2026-04-29 01:18:58,1051,0.2674,0.0,0.0,72.0,OK
2026-04-29 01:18:58,1052,0.2662,0.0143,0.0,72.0,OK
2026-04-29 01:18:58,1053,0.2591,0.0141,0.0,72.0,OK
2026-04-29 01:18:58,1054,0.2648,0.0,0.0,72.0,OK
2026-04-29 01:18:58,1055,0.2316,0.0,0.0,84.0,OK
2026-04-29 01:18:58,1056,0.2258,0.0,0.0,84.0,OK
2026-04-29 01:18:58,1057,0.2633,0.0,0.0,84.0,OK
2026-04-29 01:18:58,1058,0.2607,0.0,0.0,72.0,OK
2026-04-29 01:18:58,1059,0.1269,0.0,0.0,84.0,OK
2026-04-29 01:18:58,1060,0.0502,0.0,0.0,84.0,OK
2026-04-29 01:18:58,1061,0.0548,0.0135,0.0,84.0,OK
2026-04-29 01:18:58,1062,0.0525,0.0143,0.0,84.0,OK
2026-04-29 01:18:58,1063,0.0463,0.0141,0.0,84.0,OK
2026-04-29 01:18:58,1064,0.0624,0.0,0.0667,84.0,OK
2026-04-29 01:18:58,1065,0.0671,0.0141,0.0778,84.0,OK
2026-04-29 01:18:58,1066,0.0579,0.0141,0.0889,84.0,OK
2026-04-29 01:18:58,1067,0.0496,0.0,0.1,84.0,OK
2026-04-29 01:18:59,1068,0.0465,0.0145,0.1111,84.0,OK
2026-04-29 01:18:59,1069,0.0504,0.0,0.1222,84.0,LOW
2026-04-29 01:18:59,1070,0.0476,0.0143,0.1333,84.0,LOW
2026-04-29 01:18:59,1071,0.0519,0.0,0.1444,84.0,LOW
2026-04-29 01:18:59,1072,0.0512,0.0,0.1556,84.0,LOW
2026-04-29 01:18:59,1073,0.0938,0.0139,0.1667,84.0,LOW
2026-04-29 01:18:59,1074,0.0586,0.0,0.1778,84.0,MEDIUM
2026-04-29 01:18:59,1075,0.0504,0.0,0.1889,84.0,MEDIUM
2026-04-29 01:18:59,1076,0.0568,0.0143,0.2,84.0,MEDIUM
2026-04-29 01:18:59,1077,0.0507,0.0202,0.2111,84.0,MEDIUM
2026-04-29 01:18:59,1078,0.0526,0.0139,0.2222,84.0,MEDIUM
2026-04-29 01:18:59,1079,0.0532,0.0,0.2333,84.0,MEDIUM
2026-04-29 01:18:59,1080,0.063,0.0139,0.2444,84.0,MEDIUM
2026-04-29 01:18:59,1081,0.0635,0.0,0.2556,84.0,MEDIUM
2026-04-29 01:18:59,1082,0.0735,0.0,0.2667,84.0,MEDIUM
2026-04-29 01:18:59,1083,0.0751,0.0,0.2778,84.0,MEDIUM
2026-04-29 01:18:59,1084,0.0538,0.0143,0.2889,84.0,MEDIUM
2026-04-29 01:18:59,1085,0.0745,0.0196,0.3,84.0,MEDIUM
2026-04-29 01:18:59,1086,0.0573,0.0278,0.3111,84.0,HIGH
2026-04-29 01:18:59,1087,0.0603,0.0137,0.3222,84.0,HIGH
2026-04-29 01:18:59,1088,0.0724,0.0,0.3333,84.0,HIGH
2026-04-29 01:18:59,1089,0.0687,0.0,0.3444,72.0,HIGH
2026-04-29 01:18:59,1090,0.0659,0.0,0.3556,72.0,HIGH
2026-04-29 01:18:59,1091,0.0546,0.0,0.3667,72.0,HIGH
2026-04-29 01:18:59,1092,0.0651,0.029,0.3778,72.0,HIGH
2026-04-29 01:18:59,1093,0.0615,0.029,0.3889,72.0,HIGH
2026-04-29 01:19:00,1094,0.0561,0.0286,0.4,72.0,HIGH
2026-04-29 01:19:00,1095,0.0438,0.0,0.4111,72.0,CRITICAL
2026-04-29 01:19:00,1096,0.0482,0.0,0.4222,72.0,CRITICAL
2026-04-29 01:19:00,1097,0.0616,0.0,0.4333,72.0,CRITICAL
2026-04-29 01:19:00,1098,0.061,0.0,0.4444,72.0,CRITICAL
2026-04-29 01:19:00,1099,0.0613,0.0145,0.4556,72.0,CRITICAL
2026-04-29 01:19:00,1100,0.0618,0.0143,0.4667,72.0,CRITICAL
2026-04-29 01:19:00,1101,0.0622,0.0145,0.4778,72.0,CRITICAL
2026-04-29 01:19:00,1102,0.0491,0.0422,0.4889,72.0,CRITICAL
2026-04-29 01:19:00,1103,0.0544,0.0428,0.5,72.0,CRITICAL
2026-04-29 01:19:00,1104,0.0614,0.0,0.5111,72.0,CRITICAL
2026-04-29 01:19:00,1105,0.0574,0.0,0.5222,72.0,CRITICAL
2026-04-29 01:19:00,1106,0.2257,0.0139,0.5333,72.0,CRITICAL
2026-04-29 01:19:00,1107,0.2188,0.0,0.5444,72.0,CRITICAL
2026-04-29 01:19:00,1108,0.2747,0.0274,0.5444,72.0,CRITICAL
2026-04-29 01:19:00,1109,0.2879,0.0141,0.5444,72.0,CRITICAL
2026-04-29 01:19:00,1110,0.2821,0.0141,0.5444,72.0,CRITICAL
2026-04-29 01:19:00,1111,0.3028,0.0,0.5444,72.0,CRITICAL
2026-04-29 01:19:00,1112,0.3099,0.0141,0.5444,72.0,CRITICAL
2026-04-29 01:19:00,1113,0.3153,0.0,0.5444,60.0,CRITICAL
2026-04-29 01:19:00,1114,0.3105,0.0,0.5444,60.0,CRITICAL
2026-04-29 01:19:00,1115,0.2837,0.0139,0.5444,60.0,CRITICAL
2026-04-29 01:19:00,1116,0.2911,0.0139,0.5444,60.0,CRITICAL
2026-04-29 01:19:00,1117,0.3057,0.0141,0.5444,60.0,CRITICAL
2026-04-29 01:19:00,1118,0.3035,0.0,0.5444,60.0,CRITICAL
2026-04-29 01:19:00,1119,0.3027,0.0,0.5444,60.0,CRITICAL
2026-04-29 01:19:00,1120,0.2991,0.0,0.5444,60.0,CRITICAL
2026-04-29 01:19:00,1121,0.2935,0.0,0.5444,60.0,CRITICAL
2026-04-29 01:19:01,1122,0.2868,0.0,0.5444,60.0,CRITICAL
2026-04-29 01:19:01,1123,0.2791,0.0141,0.5444,60.0,CRITICAL
2026-04-29 01:19:01,1124,0.279,0.0143,0.5444,60.0,CRITICAL
2026-04-29 01:19:01,1125,0.2828,0.0,0.5444,60.0,CRITICAL
2026-04-29 01:19:01,1126,0.2859,0.0143,0.5444,60.0,CRITICAL
2026-04-29 01:19:01,1127,0.2866,0.0149,0.5444,60.0,CRITICAL
2026-04-29 01:19:01,1128,0.3015,0.0,0.5444,60.0,CRITICAL
2026-04-29 01:19:01,1129,0.3051,0.0,0.5444,60.0,CRITICAL
2026-04-29 01:19:01,1130,0.2979,0.0141,0.5444,60.0,CRITICAL
2026-04-29 01:19:01,1131,0.3177,0.0141,0.5444,60.0,CRITICAL
2026-04-29 01:19:01,1132,0.3139,0.0149,0.5444,60.0,CRITICAL
2026-04-29 01:19:01,1133,0.3006,0.0,0.5444,60.0,CRITICAL
2026-04-29 01:19:01,1134,0.3166,0.0285,0.5444,48.0,CRITICAL
2026-04-29 01:19:01,1135,0.3077,0.0285,0.5444,48.0,CRITICAL
2026-04-29 01:19:01,1136,0.3242,0.0143,0.5444,48.0,CRITICAL
2026-04-29 01:19:01,1137,0.3218,0.0143,0.5444,48.0,CRITICAL
2026-04-29 01:19:01,1138,0.3147,0.0141,0.5444,36.0,CRITICAL
2026-04-29 01:19:01,1139,0.3149,0.0,0.5444,36.0,CRITICAL
2026-04-29 01:19:01,1140,0.311,0.0,0.5444,36.0,CRITICAL
2026-04-29 01:19:01,1141,0.3057,0.0,0.5444,36.0,CRITICAL
2026-04-29 01:19:01,1142,0.2987,0.0,0.5444,36.0,CRITICAL
2026-04-29 01:19:01,1143,0.3196,0.0137,0.5444,36.0,CRITICAL
2026-04-29 01:19:01,1144,0.3278,0.0191,0.5444,36.0,CRITICAL
2026-04-29 01:19:01,1145,0.3164,0.0416,0.5444,36.0,CRITICAL
2026-04-29 01:19:01,1146,0.3346,0.031,0.5444,36.0,CRITICAL
2026-04-29 01:19:01,1147,0.3495,0.0141,0.5444,36.0,CRITICAL
2026-04-29 01:19:01,1148,0.3183,0.0,0.5444,36.0,CRITICAL
2026-04-29 01:19:02,1149,0.3288,0.0139,0.5333,36.0,CRITICAL
2026-04-29 01:19:02,1150,0.3183,0.0,0.5222,36.0,CRITICAL
2026-04-29 01:19:02,1151,0.3126,0.0,0.5111,36.0,CRITICAL
2026-04-29 01:19:02,1152,0.2931,0.0,0.5,36.0,CRITICAL
2026-04-29 01:19:02,1153,0.3057,0.0143,0.4889,36.0,CRITICAL
2026-04-29 01:19:02,1154,0.3161,0.0143,0.4778,36.0,CRITICAL
2026-04-29 01:19:02,1155,0.3188,0.0,0.4667,36.0,CRITICAL
2026-04-29 01:19:02,1156,0.3245,0.0,0.4556,36.0,CRITICAL
2026-04-29 01:19:02,1157,0.3167,0.0143,0.4444,36.0,CRITICAL
2026-04-29 01:19:02,1158,0.302,0.0143,0.4333,36.0,CRITICAL
2026-04-29 01:19:02,1159,0.302,0.0286,0.4222,36.0,CRITICAL
2026-04-29 01:19:02,1160,0.294,0.0135,0.4111,36.0,CRITICAL
2026-04-29 01:19:02,1161,0.2937,0.0137,0.4,36.0,HIGH
2026-04-29 01:19:02,1162,0.3081,0.0137,0.3889,36.0,HIGH
2026-04-29 01:19:02,1163,0.3205,0.0137,0.3778,36.0,HIGH
2026-04-29 01:19:02,1164,0.2938,0.0,0.3667,36.0,HIGH
2026-04-29 01:19:02,1165,0.2882,0.0,0.3556,36.0,HIGH
2026-04-29 01:19:02,1166,0.3044,0.0,0.3444,36.0,HIGH
2026-04-29 01:19:02,1167,0.3,0.0,0.3333,36.0,HIGH
2026-04-29 01:19:02,1168,0.2951,0.0,0.3222,36.0,HIGH
2026-04-29 01:19:02,1169,0.3057,0.0141,0.3111,36.0,HIGH
2026-04-29 01:19:02,1170,0.3047,0.0,0.3,36.0,MEDIUM
2026-04-29 01:19:02,1171,0.283,0.0,0.2889,36.0,MEDIUM
2026-04-29 01:19:02,1172,0.2882,0.0,0.2778,36.0,MEDIUM
2026-04-29 01:19:02,1173,0.2901,0.0,0.2667,36.0,MEDIUM
2026-04-29 01:19:03,1174,0.2703,0.0143,0.2556,36.0,MEDIUM
2026-04-29 01:19:03,1175,0.2599,0.0143,0.2444,24.0,MEDIUM
2026-04-29 01:19:03,1176,0.083,0.0,0.2333,36.0,MEDIUM
2026-04-29 01:19:03,1177,0.0867,0.0,0.2222,36.0,MEDIUM
2026-04-29 01:19:03,1178,0.2402,0.0,0.2111,36.0,MEDIUM
2026-04-29 01:19:03,1179,0.2704,0.0,0.2,36.0,LOW
2026-04-29 01:19:03,1180,0.2987,0.0274,0.1889,36.0,LOW
2026-04-29 01:19:03,1181,0.2922,0.0139,0.1778,36.0,LOW
2026-04-29 01:19:03,1182,0.3054,0.0,0.1667,36.0,LOW
2026-04-29 01:19:03,1183,0.3028,0.0,0.1556,36.0,LOW
2026-04-29 01:19:03,1184,0.309,0.0202,0.1444,36.0,LOW
2026-04-29 01:19:03,1185,0.3098,0.0,0.1333,36.0,LOW
2026-04-29 01:19:03,1186,0.2886,0.0,0.1222,36.0,LOW
2026-04-29 01:19:03,1187,0.2917,0.0,0.1111,36.0,OK
2026-04-29 01:19:03,1188,0.2753,0.0,0.1,36.0,OK
2026-04-29 01:19:03,1189,0.2861,0.0,0.0889,36.0,OK
2026-04-29 01:19:03,1190,0.2963,0.0196,0.0778,36.0,OK
2026-04-29 01:19:03,1191,0.3001,0.0571,0.0667,36.0,OK
2026-04-29 01:19:03,1192,0.2969,0.0281,0.0,36.0,OK
2026-04-29 01:19:03,1193,0.2946,0.0147,0.0,36.0,OK
2026-04-29 01:19:03,1194,0.2946,0.0,0.0,36.0,OK
2026-04-29 01:19:03,1195,0.2958,0.0207,0.0,36.0,OK
2026-04-29 01:19:03,1196,0.301,0.0147,0.0,36.0,OK
2026-04-29 01:19:03,1197,0.3058,0.0147,0.0,36.0,OK
2026-04-29 01:19:03,1198,0.3197,0.0281,0.0,36.0,OK
2026-04-29 01:19:03,1199,0.3244,0.0143,0.0,36.0,OK
2026-04-29 01:19:04,1200,0.3242,0.0,0.0,36.0,OK
2026-04-29 01:19:04,1201,0.3403,0.0,0.0,36.0,OK
2026-04-29 01:19:04,1202,0.3415,0.0,0.0,36.0,OK
2026-04-29 01:19:04,1203,0.3255,0.0,0.0,36.0,OK
2026-04-29 01:19:04,1204,0.3272,0.0,0.0,24.0,OK
2026-04-29 01:19:04,1205,0.3239,0.0143,0.0,24.0,OK
2026-04-29 01:19:04,1206,0.3297,0.0,0.0,24.0,OK
2026-04-29 01:19:04,1207,0.3251,0.0,0.0,24.0,OK
2026-04-29 01:19:04,1208,0.3367,0.0,0.0,12.0,OK
2026-04-29 01:19:04,1209,0.3262,0.0139,0.0,12.0,OK
2026-04-29 01:19:04,1210,0.3267,0.0562,0.0,12.0,OK
2026-04-29 01:19:04,1211,0.3307,0.0281,0.0,12.0,OK
2026-04-29 01:19:04,1212,0.3343,0.0562,0.0,12.0,OK
2026-04-29 01:19:04,1213,0.3393,0.2317,0.0,12.0,OK
2026-04-29 01:19:04,1214,0.3388,0.2606,0.0,12.0,OK
2026-04-29 01:19:04,1215,0.3023,0.2997,0.0,12.0,OK
2026-04-29 01:19:04,1216,0.298,0.2995,0.0,12.0,OK
2026-04-29 01:19:04,1217,0.0497,0.3379,0.0,24.0,OK
2026-04-29 01:19:04,1218,0.0492,0.3283,0.0,24.0,OK
2026-04-29 01:19:04,1219,0.0823,0.4142,0.0,24.0,OK
2026-04-29 01:19:04,1220,0.0995,0.4196,0.0,24.0,OK
2026-04-29 01:19:04,1221,0.2526,0.507,0.0,24.0,OK
2026-04-29 01:19:04,1222,0.2555,0.5068,0.0,24.0,OK
2026-04-29 01:19:04,1223,0.2646,0.5146,0.0,24.0,OK
2026-04-29 01:19:04,1224,0.2579,0.5471,0.0,24.0,OK
2026-04-29 01:19:04,1225,0.2467,0.5473,0.0,36.0,OK
2026-04-29 01:19:04,1226,0.2577,0.6249,0.0,36.0,OK
2026-04-29 01:19:04,1227,0.2584,0.6248,0.0,36.0,OK
2026-04-29 01:19:04,1228,0.255,0.6571,0.0,36.0,OK
2026-04-29 01:19:04,1229,0.2575,0.6615,0.0,36.0,OK
2026-04-29 01:19:05,1230,0.2527,0.6622,0.0,48.0,OK
2026-04-29 01:19:05,1231,0.2613,0.6801,0.0,48.0,OK
2026-04-29 01:19:05,1232,0.2557,0.7381,0.0,48.0,OK
2026-04-29 01:19:05,1233,0.2612,0.7343,0.0,48.0,OK
2026-04-29 01:19:05,1234,0.2792,0.7349,0.0,48.0,OK
2026-04-29 01:19:05,1235,0.2761,0.7524,0.0,48.0,OK
2026-04-29 01:19:05,1236,0.2822,0.7693,0.0,48.0,OK
2026-04-29 01:19:05,1237,0.2709,0.8081,0.0,48.0,OK
2026-04-29 01:19:05,1238,0.2625,0.806,0.0,48.0,OK
2026-04-29 01:19:05,1239,0.2769,0.7876,0.0,48.0,OK
2026-04-29 01:19:05,1240,0.263,0.7906,0.0,48.0,OK
2026-04-29 01:19:05,1241,0.2921,0.7906,0.0,48.0,OK
2026-04-29 01:19:05,1242,0.2729,0.8298,0.0,48.0,OK
2026-04-29 01:19:05,1243,0.2589,0.8091,0.0,48.0,OK
2026-04-29 01:19:05,1244,0.2505,0.8341,0.0,60.0,OK
2026-04-29 01:19:05,1245,0.2612,0.8329,0.0,60.0,OK
2026-04-29 01:19:05,1246,0.2516,0.8469,0.0,72.0,OK
2026-04-29 01:19:05,1247,0.2698,0.8474,0.0,72.0,OK
2026-04-29 01:19:05,1248,0.259,0.8495,0.0,72.0,OK
2026-04-29 01:19:05,1249,0.2637,0.86,0.0,72.0,OK
2026-04-29 01:19:05,1250,0.2585,0.9272,0.0,72.0,OK
2026-04-29 01:19:05,1251,0.2645,0.8888,0.0,72.0,OK
2026-04-29 01:19:05,1252,0.2592,0.8232,0.0,72.0,OK
2026-04-29 01:19:05,1253,0.2387,0.9991,0.0,84.0,OK
2026-04-29 01:19:05,1254,0.2294,0.9712,0.0,84.0,OK
2026-04-29 01:19:05,1255,0.256,0.9859,0.0,84.0,OK
2026-04-29 01:19:05,1256,0.2443,0.9852,0.0,96.0,OK
2026-04-29 01:19:05,1257,0.2594,1.0284,0.0,96.0,OK
2026-04-29 01:19:05,1258,0.2673,1.0427,0.0,96.0,OK
2026-04-29 01:19:06,1259,0.2705,1.0114,0.0,96.0,OK
2026-04-29 01:19:06,1260,0.2502,1.0409,0.0,108.0,OK
2026-04-29 01:19:06,1261,0.2553,1.1056,0.0,108.0,OK
2026-04-29 01:19:06,1262,0.2466,1.1404,0.0,120.0,OK
2026-04-29 01:19:06,1263,0.2467,1.1282,0.0,120.0,OK
2026-04-29 01:19:06,1264,0.2388,1.1966,0.0,120.0,OK
2026-04-29 01:19:06,1265,0.2554,1.2438,0.0,120.0,OK
2026-04-29 01:19:06,1266,0.2586,1.1276,0.0,120.0,OK
2026-04-29 01:19:06,1267,0.2589,1.1599,0.0,120.0,OK
2026-04-29 01:19:06,1268,0.2471,1.1356,0.0,132.0,OK
2026-04-29 01:19:06,1269,0.2495,1.1817,0.0,132.0,OK
2026-04-29 01:19:06,1270,0.2464,1.1672,0.0,132.0,OK
2026-04-29 01:19:06,1271,0.2533,1.2633,0.0,132.0,OK
2026-04-29 01:19:06,1272,0.2553,1.243,0.0,132.0,OK
2026-04-29 01:19:06,1273,0.2555,1.4721,0.0,132.0,OK
2026-04-29 01:19:06,1274,0.241,1.3612,0.0,144.0,OK
2026-04-29 01:19:06,1275,0.2359,1.135,0.0,144.0,OK
2026-04-29 01:19:06,1276,0.2355,1.1478,0.0,144.0,OK
2026-04-29 01:19:06,1277,0.2787,1.2844,0.0,144.0,OK
2026-04-29 01:19:06,1278,0.2667,1.3335,0.0,144.0,OK
2026-04-29 01:19:06,1279,0.2467,1.2355,0.0,156.0,OK
2026-04-29 01:19:06,1280,0.2496,1.2351,0.0,156.0,OK
2026-04-29 01:19:06,1281,0.2609,1.2058,0.0,156.0,OK
2026-04-29 01:19:06,1282,0.2495,1.1108,0.0,168.0,OK
2026-04-29 01:19:06,1283,0.2522,1.1357,0.0,168.0,OK
2026-04-29 01:19:06,1284,0.2587,1.1936,0.0,168.0,OK
2026-04-29 01:19:06,1285,0.2764,1.1947,0.0,168.0,OK
2026-04-29 01:19:06,1286,0.2464,1.1569,0.0,180.0,OK
2026-04-29 01:19:06,1287,0.2551,1.1706,0.0,180.0,OK
2026-04-29 01:19:06,1288,0.2526,1.1468,0.0,192.0,OK
2026-04-29 01:19:06,1289,0.2377,1.1513,0.0,192.0,OK
2026-04-29 01:19:07,1290,0.244,1.1521,0.0,192.0,OK
2026-04-29 01:19:07,1291,0.2695,1.1985,0.0,192.0,OK
2026-04-29 01:19:07,1292,0.258,1.2266,0.0,192.0,OK
2026-04-29 01:19:07,1293,0.2675,1.1183,0.0,192.0,OK
2026-04-29 01:19:07,1294,0.2666,1.1197,0.0,192.0,OK
2026-04-29 01:19:07,1295,0.2442,1.161,0.0,204.0,OK
2026-04-29 01:19:07,1296,0.2581,1.1458,0.0,204.0,OK
2026-04-29 01:19:07,1297,0.2666,1.145,0.0,204.0,OK
2026-04-29 01:19:07,1298,0.1047,1.1569,0.0,216.0,OK
2026-04-29 01:19:07,1299,0.1306,1.1571,0.0,216.0,OK
2026-04-29 01:19:07,1300,0.0593,1.1466,0.0,216.0,OK
2026-04-29 01:19:07,1301,0.065,1.1405,0.0,216.0,OK
2026-04-29 01:19:07,1302,0.1593,1.2197,0.0,216.0,OK
2026-04-29 01:19:07,1303,0.1477,1.2344,0.0667,216.0,OK
2026-04-29 01:19:07,1304,0.2038,1.2343,0.0778,216.0,OK
2026-04-29 01:19:07,1305,0.2207,1.2185,0.0889,216.0,OK
2026-04-29 01:19:07,1306,0.2154,1.214,0.1,216.0,OK
2026-04-29 01:19:07,1307,0.1974,1.119,0.1111,216.0,OK
2026-04-29 01:19:07,1308,0.1894,1.1305,0.1222,216.0,LOW
2026-04-29 01:19:07,1309,0.2467,1.2602,0.1333,216.0,LOW
2026-04-29 01:19:07,1310,0.2442,1.2472,0.1444,216.0,LOW
2026-04-29 01:19:07,1311,0.2412,1.1954,0.1556,216.0,LOW
2026-04-29 01:19:07,1312,0.2384,1.1569,0.1667,216.0,LOW
2026-04-29 01:19:07,1313,0.2217,1.1696,0.1778,216.0,MEDIUM
2026-04-29 01:19:07,1314,0.2278,1.2111,0.1889,216.0,MEDIUM
2026-04-29 01:19:07,1315,0.2385,1.2382,0.2,216.0,MEDIUM
2026-04-29 01:19:07,1316,0.2411,1.2192,0.2111,216.0,MEDIUM
2026-04-29 01:19:07,1317,0.2409,1.1428,0.2222,216.0,MEDIUM
2026-04-29 01:19:07,1318,0.222,1.1549,0.2333,216.0,MEDIUM
2026-04-29 01:19:08,1319,0.2098,1.1709,0.2444,216.0,MEDIUM
2026-04-29 01:19:08,1320,0.2261,1.1338,0.2556,216.0,MEDIUM
2026-04-29 01:19:08,1321,0.2257,1.1223,0.2667,216.0,MEDIUM
2026-04-29 01:19:08,1322,0.2255,1.1225,0.2778,216.0,MEDIUM
2026-04-29 01:19:08,1323,0.2194,1.0605,0.2889,216.0,MEDIUM
2026-04-29 01:19:08,1324,0.21,0.927,0.3,216.0,MEDIUM
2026-04-29 01:19:08,1325,0.2123,0.9126,0.3111,204.0,HIGH
2026-04-29 01:19:08,1326,0.1967,0.7986,0.3222,204.0,HIGH
2026-04-29 01:19:08,1327,0.2123,0.7962,0.3333,204.0,HIGH
2026-04-29 01:19:08,1328,0.2258,0.5913,0.3444,204.0,HIGH
2026-04-29 01:19:08,1329,0.2372,0.6176,0.3556,204.0,HIGH
2026-04-29 01:19:08,1330,0.2044,0.409,0.3667,204.0,HIGH
2026-04-29 01:19:08,1331,0.2165,0.3699,0.3778,204.0,HIGH
2026-04-29 01:19:08,1332,0.2172,0.3699,0.3889,204.0,HIGH
2026-04-29 01:19:08,1333,0.218,0.3578,0.4,204.0,HIGH
2026-04-29 01:19:08,1334,0.2232,0.3371,0.4111,204.0,CRITICAL
2026-04-29 01:19:08,1335,0.2394,0.2908,0.4222,204.0,CRITICAL
2026-04-29 01:19:08,1336,0.2337,0.3073,0.4333,204.0,CRITICAL
2026-04-29 01:19:08,1337,0.2602,0.2559,0.4333,204.0,CRITICAL
2026-04-29 01:19:08,1338,0.2465,0.2398,0.4333,216.0,CRITICAL
2026-04-29 01:19:08,1339,0.2525,0.2047,0.4333,216.0,CRITICAL
2026-04-29 01:19:08,1340,0.2403,0.1669,0.4333,216.0,CRITICAL
2026-04-29 01:19:08,1341,0.2589,0.1545,0.4333,216.0,CRITICAL
2026-04-29 01:19:08,1342,0.2696,0.1339,0.4333,216.0,CRITICAL
2026-04-29 01:19:08,1343,0.2679,0.0863,0.4333,216.0,CRITICAL
2026-04-29 01:19:08,1344,0.262,0.0874,0.4333,216.0,CRITICAL
2026-04-29 01:19:09,1345,0.2818,0.1137,0.4333,216.0,CRITICAL
2026-04-29 01:19:09,1346,0.2819,0.1024,0.4333,216.0,CRITICAL
2026-04-29 01:19:09,1347,0.2913,0.0162,0.4333,216.0,CRITICAL
2026-04-29 01:19:09,1348,0.2915,0.0232,0.4333,216.0,CRITICAL
2026-04-29 01:19:09,1349,0.2658,0.0253,0.4333,216.0,CRITICAL
2026-04-29 01:19:09,1350,0.23,0.0177,0.4333,228.0,CRITICAL
2026-04-29 01:19:09,1351,0.2148,0.0174,0.4333,228.0,CRITICAL
2026-04-29 01:19:09,1352,0.0427,0.0,0.4333,228.0,CRITICAL
2026-04-29 01:19:09,1353,0.044,0.0,0.4333,228.0,CRITICAL
2026-04-29 01:19:09,1354,0.1625,0.0,0.4333,228.0,CRITICAL
2026-04-29 01:19:09,1355,0.1675,0.0,0.5,228.0,CRITICAL
2026-04-29 01:19:09,1356,0.2389,0.0,0.5111,228.0,CRITICAL
2026-04-29 01:19:09,1357,0.2457,0.0,0.5222,228.0,CRITICAL
2026-04-29 01:19:09,1358,0.2439,0.025,0.5333,228.0,CRITICAL
2026-04-29 01:19:09,1359,0.2496,0.0126,0.5444,228.0,CRITICAL
2026-04-29 01:19:09,1360,0.2487,0.0179,0.5556,228.0,CRITICAL
2026-04-29 01:19:09,1361,0.2681,0.0,0.5556,228.0,CRITICAL
2026-04-29 01:19:09,1362,0.2644,0.0128,0.5556,228.0,CRITICAL
2026-04-29 01:19:09,1363,0.2616,0.0,0.5556,228.0,CRITICAL
2026-04-29 01:19:09,1364,0.2598,0.0,0.5556,228.0,CRITICAL
2026-04-29 01:19:09,1365,0.2601,0.0266,0.5556,228.0,CRITICAL
2026-04-29 01:19:09,1366,0.2519,0.027,0.5556,228.0,CRITICAL
2026-04-29 01:19:09,1367,0.2768,0.0133,0.5556,228.0,CRITICAL
2026-04-29 01:19:09,1368,0.2766,0.0131,0.5556,228.0,CRITICAL
2026-04-29 01:19:09,1369,0.2753,0.0,0.5556,228.0,CRITICAL
2026-04-29 01:19:09,1370,0.2798,0.0,0.5556,228.0,CRITICAL
2026-04-29 01:19:10,1371,0.2789,0.0128,0.5556,228.0,CRITICAL
2026-04-29 01:19:10,1372,0.2757,0.0,0.5556,228.0,CRITICAL
2026-04-29 01:19:10,1373,0.2754,0.0133,0.5556,228.0,CRITICAL
2026-04-29 01:19:10,1374,0.2748,0.0128,0.5556,216.0,CRITICAL
2026-04-29 01:19:10,1375,0.2638,0.0259,0.5556,216.0,CRITICAL
2026-04-29 01:19:10,1376,0.2651,0.0131,0.5556,216.0,CRITICAL
2026-04-29 01:19:10,1377,0.2623,0.0131,0.5556,216.0,CRITICAL
2026-04-29 01:19:10,1378,0.2824,0.0,0.5556,216.0,CRITICAL
2026-04-29 01:19:10,1379,0.2874,0.0263,0.5556,204.0,CRITICAL
2026-04-29 01:19:10,1380,0.2782,0.0,0.5556,204.0,CRITICAL
2026-04-29 01:19:10,1381,0.2959,0.0126,0.5556,204.0,CRITICAL
2026-04-29 01:19:10,1382,0.3112,0.0,0.5556,204.0,CRITICAL
2026-04-29 01:19:10,1383,0.3078,0.0,0.5556,204.0,CRITICAL
2026-04-29 01:19:10,1384,0.3092,0.0135,0.5556,204.0,CRITICAL
2026-04-29 01:19:10,1385,0.3133,0.0133,0.5556,204.0,CRITICAL
2026-04-29 01:19:10,1386,0.2772,0.013,0.5556,204.0,CRITICAL
2026-04-29 01:19:10,1387,0.1904,0.0,0.5556,216.0,CRITICAL
2026-04-29 01:19:10,1388,0.2713,0.0137,0.5444,216.0,CRITICAL
2026-04-29 01:19:10,1389,0.263,0.0,0.5333,216.0,CRITICAL
2026-04-29 01:19:10,1390,0.2972,0.0131,0.5222,216.0,CRITICAL
2026-04-29 01:19:10,1391,0.3034,0.0131,0.5111,216.0,CRITICAL
2026-04-29 01:19:10,1392,0.2864,0.0,0.5,216.0,CRITICAL
2026-04-29 01:19:10,1393,0.3142,0.0131,0.4889,204.0,CRITICAL
2026-04-29 01:19:11,1394,0.3031,0.0131,0.4778,204.0,CRITICAL
2026-04-29 01:19:11,1395,0.3108,0.013,0.4667,192.0,CRITICAL
2026-04-29 01:19:11,1396,0.3102,0.013,0.4556,192.0,CRITICAL
2026-04-29 01:19:11,1397,0.3039,0.0,0.4444,192.0,CRITICAL
2026-04-29 01:19:11,1398,0.3084,0.0,0.4333,192.0,CRITICAL
2026-04-29 01:19:11,1399,0.2779,0.0133,0.4222,192.0,CRITICAL
2026-04-29 01:19:11,1400,0.2798,0.0,0.4111,192.0,CRITICAL
2026-04-29 01:19:11,1401,0.2813,0.0,0.4,192.0,HIGH
2026-04-29 01:19:11,1402,0.2791,0.013,0.3889,180.0,HIGH
2026-04-29 01:19:11,1403,0.2824,0.0389,0.3778,180.0,HIGH
2026-04-29 01:19:11,1404,0.2824,0.0389,0.3667,180.0,HIGH
2026-04-29 01:19:11,1405,0.2696,0.0131,0.3556,168.0,HIGH
2026-04-29 01:19:11,1406,0.2732,0.0,0.3444,168.0,HIGH
2026-04-29 01:19:11,1407,0.2623,0.0133,0.3333,168.0,HIGH
2026-04-29 01:19:11,1408,0.2623,0.013,0.3222,168.0,HIGH
2026-04-29 01:19:11,1409,0.2756,0.0,0.3111,156.0,HIGH
2026-04-29 01:19:11,1410,0.2772,0.0188,0.3,156.0,MEDIUM
2026-04-29 01:19:11,1411,0.2671,0.0,0.2889,144.0,MEDIUM
2026-04-29 01:19:11,1412,0.2671,0.0128,0.2778,144.0,MEDIUM
2026-04-29 01:19:11,1413,0.2875,0.0131,0.2667,144.0,MEDIUM
2026-04-29 01:19:11,1414,0.2883,0.0131,0.2556,144.0,MEDIUM
2026-04-29 01:19:11,1415,0.2708,0.013,0.2444,144.0,MEDIUM
2026-04-29 01:19:11,1416,0.2775,0.013,0.2333,144.0,MEDIUM
2026-04-29 01:19:11,1417,0.2629,0.0,0.2222,132.0,MEDIUM
2026-04-29 01:19:11,1418,0.2752,0.0,0.2111,132.0,MEDIUM
2026-04-29 01:19:12,1419,0.2764,0.0,0.2,132.0,LOW
2026-04-29 01:19:12,1420,0.2765,0.0525,0.1889,132.0,LOW
2026-04-29 01:19:12,1421,0.2772,0.0518,0.1222,132.0,LOW
2026-04-29 01:19:12,1422,0.2763,0.0,0.1222,132.0,LOW
2026-04-29 01:19:12,1423,0.2797,0.0131,0.1222,120.0,LOW
2026-04-29 01:19:12,1424,0.2849,0.0135,0.1222,120.0,LOW
2026-04-29 01:19:12,1425,0.2683,0.0,0.1222,120.0,LOW
2026-04-29 01:19:12,1426,0.266,0.0,0.1222,120.0,LOW
2026-04-29 01:19:12,1427,0.2804,0.0,0.1222,120.0,LOW
2026-04-29 01:19:12,1428,0.1193,0.0,0.1222,120.0,LOW
2026-04-29 01:19:12,1429,0.0809,0.0263,0.1222,120.0,LOW
2026-04-29 01:19:12,1430,0.0904,0.0263,0.1222,120.0,LOW
2026-04-29 01:19:12,1431,0.1843,0.0269,0.1222,108.0,LOW
2026-04-29 01:19:12,1432,0.2022,0.0404,0.1222,108.0,LOW
2026-04-29 01:19:12,1433,0.2553,0.0135,0.1222,108.0,LOW
2026-04-29 01:19:12,1434,0.2601,0.0191,0.1222,108.0,LOW
2026-04-29 01:19:12,1435,0.2573,0.0,0.1222,96.0,LOW
2026-04-29 01:19:12,1436,0.2646,0.0,0.1222,96.0,LOW
2026-04-29 01:19:12,1437,0.276,0.0,0.1222,84.0,LOW
2026-04-29 01:19:12,1438,0.2654,0.0133,0.1222,84.0,LOW
2026-04-29 01:19:12,1439,0.2909,0.0137,0.1222,84.0,LOW
2026-04-29 01:19:12,1440,0.2776,0.0,0.1111,84.0,OK
2026-04-29 01:19:12,1441,0.2759,0.0128,0.1,84.0,OK
2026-04-29 01:19:12,1442,0.2969,0.0,0.0889,84.0,OK
2026-04-29 01:19:12,1443,0.3056,0.0,0.0778,84.0,OK
2026-04-29 01:19:12,1444,0.2984,0.027,0.0667,72.0,OK
2026-04-29 01:19:13,1445,0.3008,0.0135,0.0,72.0,OK
2026-04-29 01:19:13,1446,0.2802,0.0,0.0,72.0,OK
2026-04-29 01:19:13,1447,0.2802,0.0,0.0,60.0,OK
2026-04-29 01:19:13,1448,0.2779,0.0186,0.0,60.0,OK
2026-04-29 01:19:13,1449,0.2754,0.0186,0.0,60.0,OK
2026-04-29 01:19:13,1450,0.2759,0.0,0.0,60.0,OK
2026-04-29 01:19:13,1451,0.2769,0.0,0.0,60.0,OK
2026-04-29 01:19:13,1452,0.2762,0.0,0.0,60.0,OK
2026-04-29 01:19:13,1453,0.2994,0.0,0.0,60.0,OK
2026-04-29 01:19:13,1454,0.2876,0.0,0.0,60.0,OK
2026-04-29 01:19:13,1455,0.3007,0.0135,0.0,60.0,OK
2026-04-29 01:19:13,1456,0.3046,0.0135,0.0,60.0,OK
2026-04-29 01:19:13,1457,0.2903,0.0,0.0,60.0,OK
2026-04-29 01:19:13,1458,0.2872,0.0,0.0,60.0,OK
2026-04-29 01:19:13,1459,0.2813,0.0133,0.0,60.0,OK
2026-04-29 01:19:13,1460,0.2835,0.0,0.0,60.0,OK
2026-04-29 01:19:13,1461,0.2868,0.0,0.0,60.0,OK
2026-04-29 01:19:13,1462,0.3082,0.0,0.0,60.0,OK
2026-04-29 01:19:13,1463,0.3,0.0131,0.0,60.0,OK
2026-04-29 01:19:13,1464,0.2858,0.0,0.0,60.0,OK
2026-04-29 01:19:13,1465,0.2795,0.0,0.0,60.0,OK
2026-04-29 01:19:13,1466,0.2826,0.0138,0.0,60.0,OK
2026-04-29 01:19:13,1467,0.2947,0.0128,0.0,60.0,OK
2026-04-29 01:19:13,1468,0.303,0.0,0.0,60.0,OK
2026-04-29 01:19:13,1469,0.2965,0.0139,0.0,60.0,OK
2026-04-29 01:19:13,1470,0.2975,0.0139,0.0,60.0,OK
2026-04-29 01:19:13,1471,0.2907,0.0301,0.0,60.0,OK
2026-04-29 01:19:13,1472,0.2901,0.0135,0.0,60.0,OK
2026-04-29 01:19:13,1473,0.2932,0.0,0.0,60.0,OK
2026-04-29 01:19:13,1474,0.2969,0.0,0.0,60.0,OK
2026-04-29 01:19:14,1475,0.2808,0.0,0.0,60.0,OK
2026-04-29 01:19:14,1476,0.2767,0.0133,0.0,60.0,OK
2026-04-29 01:19:14,1477,0.2713,0.0137,0.0,60.0,OK
2026-04-29 01:19:14,1478,0.1879,0.0,0.0,72.0,OK
2026-04-29 01:19:14,1479,0.1715,0.0,0.0,72.0,OK
2026-04-29 01:19:14,1480,0.0529,0.0137,0.0,72.0,OK
2026-04-29 01:19:14,1481,0.0533,0.0196,0.0,72.0,OK
2026-04-29 01:19:14,1482,0.1775,0.0,0.0,72.0,OK
2026-04-29 01:19:14,1483,0.1743,0.0,0.0667,72.0,OK
2026-04-29 01:19:14,1484,0.2511,0.0131,0.0778,72.0,OK
2026-04-29 01:19:14,1485,0.3035,0.0526,0.0778,72.0,OK
2026-04-29 01:19:14,1486,0.2953,0.0188,0.0778,72.0,OK
2026-04-29 01:19:14,1487,0.2949,0.0133,0.0778,60.0,OK
2026-04-29 01:19:14,1488,0.2935,0.0263,0.0778,60.0,OK
2026-04-29 01:19:14,1489,0.3045,0.0263,0.0778,60.0,OK
2026-04-29 01:19:14,1490,0.2994,0.0,0.0778,60.0,OK
2026-04-29 01:19:14,1491,0.2939,0.0,0.0778,60.0,OK
2026-04-29 01:19:14,1492,0.2813,0.0131,0.0778,60.0,OK
2026-04-29 01:19:14,1493,0.2874,0.0131,0.0778,60.0,OK
2026-04-29 01:19:14,1494,0.2989,0.0,0.0778,60.0,OK
2026-04-29 01:19:14,1495,0.288,0.0294,0.0778,60.0,OK
2026-04-29 01:19:14,1496,0.2832,0.0186,0.0778,60.0,OK
2026-04-29 01:19:14,1497,0.2948,0.031,0.0778,60.0,OK
2026-04-29 01:19:14,1498,0.2969,0.0,0.0778,60.0,OK
2026-04-29 01:19:14,1499,0.2881,0.0131,0.0778,48.0,OK
2026-04-29 01:19:14,1500,0.2881,0.0131,0.0778,48.0,OK
2026-04-29 01:19:14,1501,0.2835,0.0274,0.0778,48.0,OK
2026-04-29 01:19:14,1502,0.2777,0.0,0.0778,48.0,OK
2026-04-29 01:19:15,1503,0.2778,0.0,0.0778,48.0,OK
2026-04-29 01:19:15,1504,0.2807,0.0,0.0778,48.0,OK
2026-04-29 01:19:15,1505,0.2734,0.0,0.0778,48.0,OK
2026-04-29 01:19:15,1506,0.2852,0.0133,0.0778,48.0,OK
2026-04-29 01:19:15,1507,0.2859,0.0,0.0778,48.0,OK
2026-04-29 01:19:15,1508,0.3059,0.0263,0.0778,48.0,OK
2026-04-29 01:19:15,1509,0.2919,0.0,0.0778,48.0,OK
2026-04-29 01:19:15,1510,0.2903,0.0,0.0778,48.0,OK
2026-04-29 01:19:15,1511,0.2925,0.027,0.0778,48.0,OK
2026-04-29 01:19:15,1512,0.2919,0.0135,0.0778,48.0,OK
2026-04-29 01:19:15,1513,0.3179,0.0,0.0778,48.0,OK
2026-04-29 01:19:15,1514,0.3106,0.0266,0.0778,48.0,OK
2026-04-29 01:19:15,1515,0.3207,0.0,0.0778,36.0,OK
2026-04-29 01:19:15,1516,0.3192,0.0135,0.0778,36.0,OK
2026-04-29 01:19:15,1517,0.3083,0.0133,0.0778,36.0,OK
2026-04-29 01:19:15,1518,0.307,0.0,0.0778,36.0,OK
2026-04-29 01:19:15,1519,0.3116,0.0,0.0778,36.0,OK
2026-04-29 01:19:15,1520,0.2927,0.0,0.0778,36.0,OK
2026-04-29 01:19:15,1521,0.2927,0.0,0.0778,36.0,OK
2026-04-29 01:19:15,1522,0.3027,0.0,0.0778,36.0,OK
2026-04-29 01:19:15,1523,0.3009,0.0133,0.0778,36.0,OK
2026-04-29 01:19:15,1524,0.2991,0.0131,0.0778,36.0,OK
2026-04-29 01:19:15,1525,0.317,0.0,0.0778,36.0,OK
2026-04-29 01:19:15,1526,0.2957,0.0133,0.0778,36.0,OK
2026-04-29 01:19:15,1527,0.2974,0.0,0.0778,36.0,OK
2026-04-29 01:19:15,1528,0.3087,0.0,0.0778,36.0,OK
2026-04-29 01:19:15,1529,0.2984,0.0,0.0778,36.0,OK
2026-04-29 01:19:15,1530,0.3261,0.0,0.0778,36.0,OK
2026-04-29 01:19:16,1531,0.3243,0.0,0.0778,36.0,OK
2026-04-29 01:19:16,1532,0.3217,0.0131,0.0778,36.0,OK
2026-04-29 01:19:16,1533,0.3203,0.0263,0.0778,36.0,OK
2026-04-29 01:19:16,1534,0.3146,0.0518,0.0778,36.0,OK
2026-04-29 01:19:16,1535,0.3128,0.0518,0.0778,36.0,OK
2026-04-29 01:19:16,1536,0.3039,0.0,0.0778,24.0,OK
2026-04-29 01:19:16,1537,0.3165,0.013,0.0778,24.0,OK
2026-04-29 01:19:16,1538,0.3137,0.0,0.0778,24.0,OK
2026-04-29 01:19:16,1539,0.3363,0.0,0.0778,24.0,OK
2026-04-29 01:19:16,1540,0.3364,0.0,0.0778,24.0,OK
2026-04-29 01:19:16,1541,0.3169,0.0,0.0778,24.0,OK
2026-04-29 01:19:16,1542,0.317,0.013,0.0778,24.0,OK
2026-04-29 01:19:16,1543,0.3041,0.0133,0.0778,24.0,OK
2026-04-29 01:19:16,1544,0.3101,0.013,0.0778,24.0,OK
2026-04-29 01:19:16,1545,0.3197,0.0131,0.0778,24.0,OK
2026-04-29 01:19:16,1546,0.3027,0.0,0.0778,24.0,OK
2026-04-29 01:19:16,1547,0.3098,0.0,0.0778,24.0,OK
2026-04-29 01:19:16,1548,0.317,0.0131,0.0778,24.0,OK
2026-04-29 01:19:16,1549,0.3022,0.0389,0.0778,24.0,OK
2026-04-29 01:19:16,1550,0.3129,0.0394,0.0778,24.0,OK
2026-04-29 01:19:16,1551,0.3054,0.0399,0.0778,24.0,OK
2026-04-29 01:19:16,1552,0.2957,0.0135,0.0778,24.0,OK
2026-04-29 01:19:16,1553,0.3237,0.0,0.0778,24.0,OK
2026-04-29 01:19:16,1554,0.3272,0.0,0.0778,24.0,OK
2026-04-29 01:19:16,1555,0.3113,0.0302,0.0778,24.0,OK
2026-04-29 01:19:16,1556,0.3004,0.0137,0.0778,24.0,OK
2026-04-29 01:19:16,1557,0.2969,0.0,0.0778,24.0,OK
2026-04-29 01:19:16,1558,0.2969,0.0,0.0778,24.0,OK
2026-04-29 01:19:16,1559,0.3093,0.0196,0.0778,24.0,OK
2026-04-29 01:19:17,1560,0.3107,0.0274,0.0778,24.0,OK
2026-04-29 01:19:17,1561,0.3087,0.0141,0.0778,24.0,OK
2026-04-29 01:19:17,1562,0.3074,0.0281,0.0778,24.0,OK
2026-04-29 01:19:17,1563,0.2931,0.0133,0.0778,24.0,OK
2026-04-29 01:19:17,1564,0.3012,0.0,0.0778,24.0,OK
2026-04-29 01:19:17,1565,0.2979,0.0,0.0778,24.0,OK
2026-04-29 01:19:17,1566,0.3129,0.0273,0.0778,24.0,OK
2026-04-29 01:19:17,1567,0.3129,0.027,0.0778,24.0,OK
2026-04-29 01:19:17,1568,0.3233,0.014,0.0667,24.0,OK
2026-04-29 01:19:17,1569,0.3108,0.014,0.0,24.0,OK
2026-04-29 01:19:17,1570,0.2955,0.0,0.0,24.0,OK
2026-04-29 01:19:17,1571,0.2924,0.0131,0.0,24.0,OK
2026-04-29 01:19:17,1572,0.3184,0.0,0.0,24.0,OK
2026-04-29 01:19:17,1573,0.3052,0.0133,0.0,24.0,OK
2026-04-29 01:19:17,1574,0.3023,0.0133,0.0,24.0,OK
2026-04-29 01:19:17,1575,0.3237,0.0273,0.0,24.0,OK
2026-04-29 01:19:17,1576,0.3182,0.0405,0.0,24.0,OK
2026-04-29 01:19:17,1577,0.3097,0.0137,0.0,12.0,OK
2026-04-29 01:19:17,1578,0.3063,0.0137,0.0,12.0,OK
2026-04-29 01:19:17,1579,0.3057,0.0,0.0,12.0,OK
2026-04-29 01:19:17,1580,0.3044,0.0,0.0,12.0,OK
2026-04-29 01:19:17,1581,0.3002,0.0,0.0,12.0,OK
2026-04-29 01:19:17,1582,0.291,0.0,0.0,12.0,OK
2026-04-29 01:19:17,1583,0.2877,0.0137,0.0,12.0,OK
2026-04-29 01:19:17,1584,0.3171,0.0,0.0,12.0,OK
2026-04-29 01:19:17,1585,0.3174,0.0,0.0,12.0,OK
2026-04-29 01:19:17,1586,0.3216,0.0131,0.0,12.0,OK
2026-04-29 01:19:17,1587,0.3117,0.0,0.0,12.0,OK
2026-04-29 01:19:17,1588,0.3017,0.0135,0.0,12.0,OK
2026-04-29 01:19:18,1589,0.3054,0.0,0.0,12.0,OK
2026-04-29 01:19:18,1590,0.3067,0.0,0.0,12.0,OK
2026-04-29 01:19:18,1591,0.2564,0.0,0.0,12.0,OK
2026-04-29 01:19:18,1592,0.2509,0.0133,0.0,24.0,OK
2026-04-29 01:19:18,1593,0.0648,0.0135,0.0,24.0,OK
2026-04-29 01:19:18,1594,0.0674,0.0133,0.0,24.0,OK
2026-04-29 01:19:18,1595,0.2212,0.2252,0.0,24.0,OK
2026-04-29 01:19:18,1596,0.2357,0.1969,0.0,24.0,OK
2026-04-29 01:19:18,1597,0.2683,0.394,0.0,24.0,OK
2026-04-29 01:19:18,1598,0.2554,0.3883,0.0,24.0,OK
2026-04-29 01:19:18,1599,0.28,0.5887,0.0,24.0,OK
2026-04-29 01:19:18,1600,0.2758,0.5969,0.0,24.0,OK
2026-04-29 01:19:18,1601,0.2739,0.6444,0.0,24.0,OK
2026-04-29 01:19:18,1602,0.2862,0.6749,0.0,24.0,OK
2026-04-29 01:19:18,1603,0.2964,0.6543,0.0,24.0,OK
2026-04-29 01:19:18,1604,0.2742,0.7529,0.0,24.0,OK
2026-04-29 01:19:18,1605,0.2741,0.7533,0.0,24.0,OK
2026-04-29 01:19:18,1606,0.2874,0.7993,0.0,24.0,OK
2026-04-29 01:19:18,1607,0.2789,0.786,0.0,24.0,OK
2026-04-29 01:19:18,1608,0.284,0.8664,0.0,24.0,OK
2026-04-29 01:19:18,1609,0.2734,0.805,0.0,24.0,OK
2026-04-29 01:19:18,1610,0.2778,0.7563,0.0,24.0,OK
2026-04-29 01:19:18,1611,0.2759,0.844,0.0,24.0,OK
2026-04-29 01:19:18,1612,0.289,0.8442,0.0,24.0,OK
2026-04-29 01:19:18,1613,0.2762,0.8587,0.0,24.0,OK
2026-04-29 01:19:18,1614,0.28,0.8461,0.0,24.0,OK
2026-04-29 01:19:18,1615,0.2722,0.8737,0.0,24.0,OK
2026-04-29 01:19:18,1616,0.2728,0.8975,0.0,24.0,OK
2026-04-29 01:19:19,1617,0.2753,0.909,0.0,24.0,OK
2026-04-29 01:19:19,1618,0.2818,0.9079,0.0,24.0,OK
2026-04-29 01:19:19,1619,0.2777,0.9737,0.0,24.0,OK
2026-04-29 01:19:19,1620,0.2788,0.9348,0.0,24.0,OK
2026-04-29 01:19:19,1621,0.2536,0.9368,0.0,36.0,OK
2026-04-29 01:19:19,1622,0.2833,0.9605,0.0,36.0,OK
2026-04-29 01:19:19,1623,0.2831,0.9613,0.0,36.0,OK
2026-04-29 01:19:19,1624,0.2613,0.9612,0.0,36.0,OK
2026-04-29 01:19:19,1625,0.2749,0.9351,0.0,36.0,OK
2026-04-29 01:19:19,1626,0.2756,0.9613,0.0,36.0,OK
2026-04-29 01:19:19,1627,0.2693,0.9494,0.0,24.0,OK
2026-04-29 01:19:19,1628,0.2665,1.0256,0.0,24.0,OK
2026-04-29 01:19:19,1629,0.2705,1.0525,0.0,24.0,OK
2026-04-29 01:19:19,1630,0.2556,1.0145,0.0,24.0,OK
2026-04-29 01:19:19,1631,0.2587,1.0013,0.0,24.0,OK
2026-04-29 01:19:19,1632,0.2594,1.0763,0.0,24.0,OK
2026-04-29 01:19:19,1633,0.2643,1.0377,0.0,24.0,OK
2026-04-29 01:19:19,1634,0.2754,1.0247,0.0,24.0,OK
2026-04-29 01:19:19,1635,0.2737,1.0396,0.0,24.0,OK
2026-04-29 01:19:19,1636,0.2705,1.0399,0.0,24.0,OK
2026-04-29 01:19:19,1637,0.2569,1.0901,0.0,24.0,OK
2026-04-29 01:19:19,1638,0.2506,1.0908,0.0,36.0,OK
2026-04-29 01:19:19,1639,0.2396,1.0258,0.0,36.0,OK
2026-04-29 01:19:19,1640,0.2432,1.0138,0.0,36.0,OK
2026-04-29 01:19:19,1641,0.2705,1.0262,0.0,36.0,OK
2026-04-29 01:19:19,1642,0.2786,1.0259,0.0,36.0,OK
2026-04-29 01:19:19,1643,0.2557,1.0529,0.0,36.0,OK
2026-04-29 01:19:19,1644,0.2615,1.0674,0.0,36.0,OK
2026-04-29 01:19:19,1645,0.2758,1.0002,0.0,36.0,OK
2026-04-29 01:19:20,1646,0.2564,1.0623,0.0,36.0,OK
2026-04-29 01:19:20,1647,0.2475,1.0499,0.0,48.0,OK
2026-04-29 01:19:20,1648,0.261,0.9886,0.0,48.0,OK
2026-04-29 01:19:20,1649,0.2613,1.05,0.0,48.0,OK
2026-04-29 01:19:20,1650,0.265,0.9885,0.0,48.0,OK
2026-04-29 01:19:20,1651,0.2615,1.0126,0.0,48.0,OK
2026-04-29 01:19:20,1652,0.2502,1.1016,0.0,60.0,OK
2026-04-29 01:19:20,1653,0.2499,1.1021,0.0,60.0,OK
2026-04-29 01:19:20,1654,0.2638,1.0244,0.0,60.0,OK
2026-04-29 01:19:20,1655,0.2536,1.0609,0.0,72.0,OK
2026-04-29 01:19:20,1656,0.2621,1.0389,0.0,72.0,OK
2026-04-29 01:19:20,1657,0.2733,1.0763,0.0,72.0,OK
2026-04-29 01:19:20,1658,0.2644,1.1016,0.0,72.0,OK
2026-04-29 01:19:20,1659,0.2418,1.0361,0.0,84.0,OK
2026-04-29 01:19:20,1660,0.2623,1.0374,0.0,84.0,OK
2026-04-29 01:19:20,1661,0.2759,1.0511,0.0,84.0,OK
2026-04-29 01:19:20,1662,0.27,1.0512,0.0,84.0,OK
2026-04-29 01:19:20,1663,0.2473,1.1016,0.0,96.0,OK
2026-04-29 01:19:20,1664,0.2529,1.0497,0.0,96.0,OK
2026-04-29 01:19:20,1665,0.2557,1.1307,0.0,96.0,OK
2026-04-29 01:19:20,1666,0.2641,1.0892,0.0,96.0,OK
2026-04-29 01:19:20,1667,0.2646,1.0518,0.0,96.0,OK
2026-04-29 01:19:20,1668,0.2649,1.0886,0.0,96.0,OK
2026-04-29 01:19:20,1669,0.2644,1.0762,0.0,96.0,OK
2026-04-29 01:19:20,1670,0.2568,1.0883,0.0,96.0,OK
2026-04-29 01:19:20,1671,0.2616,1.0874,0.0,96.0,OK
2026-04-29 01:19:20,1672,0.2586,1.0509,0.0,96.0,OK
2026-04-29 01:19:20,1673,0.2673,1.0143,0.0,96.0,OK
2026-04-29 01:19:21,1674,0.2701,1.0613,0.0,96.0,OK
2026-04-29 01:19:21,1675,0.2701,1.0737,0.0,96.0,OK
2026-04-29 01:19:21,1676,0.2706,1.0857,0.0,96.0,OK
2026-04-29 01:19:21,1677,0.2673,1.0736,0.0,96.0,OK
2026-04-29 01:19:21,1678,0.2626,1.0009,0.0,96.0,OK
2026-04-29 01:19:21,1679,0.2736,1.1156,0.0,96.0,OK
2026-04-29 01:19:21,1680,0.2727,1.0786,0.0,96.0,OK
2026-04-29 01:19:21,1681,0.2453,1.0252,0.0,108.0,OK
2026-04-29 01:19:21,1682,0.2454,1.0002,0.0,108.0,OK
2026-04-29 01:19:21,1683,0.2587,1.0623,0.0,108.0,OK
2026-04-29 01:19:21,1684,0.2647,1.0627,0.0,108.0,OK
2026-04-29 01:19:21,1685,0.2475,1.1002,0.0,120.0,OK
2026-04-29 01:19:21,1686,0.2526,1.086,0.0,120.0,OK
2026-04-29 01:19:21,1687,0.2585,1.0002,0.0,120.0,OK
2026-04-29 01:19:21,1688,0.2644,1.1164,0.0,120.0,OK
2026-04-29 01:19:21,1689,0.2559,1.1164,0.0,120.0,OK
2026-04-29 01:19:21,1690,0.2595,1.1582,0.0,120.0,OK
2026-04-29 01:19:21,1691,0.2673,1.1284,0.0,120.0,OK
2026-04-29 01:19:21,1692,0.2529,1.086,0.0,132.0,OK
2026-04-29 01:19:21,1693,0.242,1.0609,0.0,132.0,OK
2026-04-29 01:19:21,1694,0.259,1.002,0.0,132.0,OK
2026-04-29 01:19:21,1695,0.2673,1.0384,0.0,132.0,OK
2026-04-29 01:19:21,1696,0.2793,1.0271,0.0,132.0,OK
2026-04-29 01:19:21,1697,0.2532,0.9882,0.0,144.0,OK
2026-04-29 01:19:21,1698,0.2496,0.9887,0.0,144.0,OK
2026-04-29 01:19:21,1699,0.2445,1.0,0.0,144.0,OK
2026-04-29 01:19:21,1700,0.2499,1.0,0.0,144.0,OK
2026-04-29 01:19:21,1701,0.239,1.0369,0.0,144.0,OK
2026-04-29 01:19:21,1702,0.2339,1.0484,0.0667,144.0,OK
2026-04-29 01:19:21,1703,0.2559,1.1003,0.0667,144.0,OK
2026-04-29 01:19:22,1704,0.2409,1.067,0.0667,156.0,OK
2026-04-29 01:19:22,1705,0.2434,1.0525,0.0667,156.0,OK
2026-04-29 01:19:22,1706,0.2612,1.0745,0.0667,156.0,OK
2026-04-29 01:19:22,1707,0.2559,1.0749,0.0667,156.0,OK
2026-04-29 01:19:22,1708,0.2475,1.0398,0.0667,168.0,OK
2026-04-29 01:19:22,1709,0.2499,1.0384,0.0667,168.0,OK
2026-04-29 01:19:22,1710,0.2359,1.049,0.0667,168.0,OK
2026-04-29 01:19:22,1711,0.2531,1.0247,0.0667,168.0,OK
2026-04-29 01:19:22,1712,0.2422,1.0753,0.0667,168.0,OK
2026-04-29 01:19:22,1713,0.2469,1.0625,0.1333,168.0,LOW
2026-04-29 01:19:22,1714,0.2442,1.0889,0.1444,168.0,LOW
2026-04-29 01:19:22,1715,0.2615,1.101,0.1444,168.0,LOW
2026-04-29 01:19:22,1716,0.2351,1.0999,0.1444,180.0,LOW
2026-04-29 01:19:22,1717,0.2383,0.9774,0.1444,180.0,LOW
2026-04-29 01:19:22,1718,0.233,1.0252,0.1444,180.0,LOW
2026-04-29 01:19:22,1719,0.2349,1.0901,0.1444,180.0,LOW
2026-04-29 01:19:22,1720,0.2354,1.0613,0.1444,180.0,LOW
2026-04-29 01:19:22,1721,0.2464,1.0406,0.2111,180.0,MEDIUM
2026-04-29 01:19:22,1722,0.2643,1.0642,0.2111,180.0,MEDIUM
2026-04-29 01:19:22,1723,0.2503,1.0409,0.2111,192.0,MEDIUM
2026-04-29 01:19:22,1724,0.2462,1.0387,0.2111,192.0,MEDIUM
2026-04-29 01:19:22,1725,0.2354,1.1756,0.2111,192.0,MEDIUM
2026-04-29 01:19:22,1726,0.2359,1.129,0.2111,192.0,MEDIUM
2026-04-29 01:19:22,1727,0.2409,1.0815,0.2111,192.0,MEDIUM
2026-04-29 01:19:22,1728,0.2671,1.1068,0.2111,192.0,MEDIUM
2026-04-29 01:19:22,1729,0.2441,1.0909,0.2111,204.0,MEDIUM
2026-04-29 01:19:23,1730,0.2266,1.0559,0.2111,204.0,MEDIUM
2026-04-29 01:19:23,1731,0.2437,1.0539,0.2111,204.0,MEDIUM
2026-04-29 01:19:23,1732,0.2438,1.1382,0.2111,204.0,MEDIUM
2026-04-29 01:19:23,1733,0.2558,1.2513,0.2111,204.0,MEDIUM
2026-04-29 01:19:23,1734,0.2414,1.1511,0.2111,216.0,MEDIUM
2026-04-29 01:19:23,1735,0.2369,1.064,0.2111,216.0,MEDIUM
2026-04-29 01:19:23,1736,0.2568,1.081,0.2111,216.0,MEDIUM
2026-04-29 01:19:23,1737,0.2529,1.1063,0.2111,228.0,MEDIUM
2026-04-29 01:19:23,1738,0.2386,1.1616,0.2111,228.0,MEDIUM
2026-04-29 01:19:23,1739,0.2324,1.1605,0.2111,228.0,MEDIUM
2026-04-29 01:19:23,1740,0.2327,1.1195,0.2111,228.0,MEDIUM
2026-04-29 01:19:23,1741,0.2385,1.1637,0.2111,216.0,MEDIUM
2026-04-29 01:19:23,1742,0.2439,1.1225,0.2778,216.0,MEDIUM
2026-04-29 01:19:23,1743,0.2383,1.0945,0.2889,216.0,MEDIUM
2026-04-29 01:19:23,1744,0.2396,1.1744,0.3,216.0,MEDIUM
2026-04-29 01:19:23,1745,0.2377,1.1939,0.3111,216.0,HIGH
2026-04-29 01:19:23,1746,0.2383,1.1665,0.3222,216.0,HIGH
2026-04-29 01:19:23,1747,0.2579,1.2066,0.3222,216.0,HIGH
2026-04-29 01:19:23,1748,0.249,1.2086,0.3222,228.0,HIGH
2026-04-29 01:19:23,1749,0.2522,1.1492,0.3222,228.0,HIGH
2026-04-29 01:19:23,1750,0.2466,1.0795,0.3222,228.0,HIGH
2026-04-29 01:19:23,1751,0.2523,1.13,0.3222,228.0,HIGH
2026-04-29 01:19:23,1752,0.25,1.1885,0.3222,228.0,HIGH
2026-04-29 01:19:23,1753,0.2583,1.0803,0.3222,228.0,HIGH
2026-04-29 01:19:23,1754,0.252,1.0648,0.3222,240.0,HIGH
2026-04-29 01:19:23,1755,0.2519,1.2407,0.3222,240.0,HIGH
2026-04-29 01:19:24,1756,0.2318,1.0941,0.3222,240.0,HIGH
2026-04-29 01:19:24,1757,0.2351,1.149,0.3222,240.0,HIGH
2026-04-29 01:19:24,1758,0.2275,1.0769,0.3222,240.0,HIGH
2026-04-29 01:19:24,1759,0.2341,1.0762,0.3889,240.0,HIGH
2026-04-29 01:19:24,1760,0.2297,1.2323,0.4,240.0,HIGH
2026-04-29 01:19:24,1761,0.2294,1.2527,0.4111,240.0,CRITICAL
2026-04-29 01:19:24,1762,0.2084,1.0778,0.4222,240.0,CRITICAL
2026-04-29 01:19:24,1763,0.2251,1.0768,0.4333,240.0,CRITICAL
2026-04-29 01:19:24,1764,0.2375,1.1169,0.4444,240.0,CRITICAL
2026-04-29 01:19:24,1765,0.2294,1.0783,0.4556,240.0,CRITICAL
2026-04-29 01:19:24,1766,0.2377,1.1952,0.4667,240.0,CRITICAL
2026-04-29 01:19:24,1767,0.2462,1.1991,0.4778,240.0,CRITICAL
2026-04-29 01:19:24,1768,0.2232,1.1172,0.4889,240.0,CRITICAL
2026-04-29 01:19:24,1769,0.2082,1.0488,0.5,240.0,CRITICAL
2026-04-29 01:19:24,1770,0.2233,1.0377,0.5111,228.0,CRITICAL
2026-04-29 01:19:24,1771,0.2226,1.1018,0.5222,228.0,CRITICAL
2026-04-29 01:19:24,1772,0.2202,1.0886,0.5333,228.0,CRITICAL
2026-04-29 01:19:24,1773,0.22,1.0492,0.5444,228.0,CRITICAL
2026-04-29 01:19:24,1774,0.2235,1.0498,0.5556,228.0,CRITICAL
2026-04-29 01:19:24,1775,0.2172,1.0886,0.5667,228.0,CRITICAL
2026-04-29 01:19:24,1776,0.211,1.1038,0.5778,228.0,CRITICAL
2026-04-29 01:19:24,1777,0.222,1.049,0.5889,228.0,CRITICAL
2026-04-29 01:19:24,1778,0.2516,0.6928,0.6,228.0,CRITICAL
2026-04-29 01:19:24,1779,0.2383,0.468,0.6111,228.0,CRITICAL
2026-04-29 01:19:24,1780,0.2244,0.4996,0.6222,228.0,CRITICAL
2026-04-29 01:19:24,1781,0.236,0.2597,0.6333,228.0,CRITICAL
2026-04-29 01:19:24,1782,0.2185,0.269,0.6444,228.0,CRITICAL
2026-04-29 01:19:25,1783,0.2175,0.1925,0.6556,228.0,CRITICAL
2026-04-29 01:19:25,1784,0.2461,0.1973,0.6667,228.0,CRITICAL
2026-04-29 01:19:25,1785,0.2106,0.1449,0.6778,228.0,CRITICAL
2026-04-29 01:19:25,1786,0.2048,0.134,0.6889,228.0,CRITICAL
2026-04-29 01:19:25,1787,0.0873,0.0823,0.6333,216.0,CRITICAL
2026-04-29 01:19:25,1788,0.1987,0.0253,0.6444,216.0,CRITICAL
2026-04-29 01:19:25,1789,0.1887,0.0379,0.6556,216.0,CRITICAL
2026-04-29 01:19:25,1790,0.2358,0.0,0.6667,216.0,CRITICAL
2026-04-29 01:19:25,1791,0.2366,0.0122,0.6778,216.0,CRITICAL
2026-04-29 01:19:25,1792,0.2708,0.0,0.6778,216.0,CRITICAL
2026-04-29 01:19:25,1793,0.2611,0.0,0.6778,216.0,CRITICAL
2026-04-29 01:19:25,1794,0.2803,0.0122,0.6778,216.0,CRITICAL
2026-04-29 01:19:25,1795,0.2737,0.0,0.6778,216.0,CRITICAL
2026-04-29 01:19:25,1796,0.279,0.0,0.6778,204.0,CRITICAL
2026-04-29 01:19:25,1797,0.2785,0.0128,0.6778,204.0,CRITICAL
2026-04-29 01:19:25,1798,0.2658,0.0128,0.6667,204.0,CRITICAL
2026-04-29 01:19:25,1799,0.2643,0.0,0.6,204.0,CRITICAL
2026-04-29 01:19:25,1800,0.254,0.0,0.6,216.0,CRITICAL
2026-04-29 01:19:25,1801,0.2476,0.0125,0.6,204.0,CRITICAL
2026-04-29 01:19:25,1802,0.3143,0.0,0.6,204.0,CRITICAL
2026-04-29 01:19:25,1803,0.3031,0.0,0.6,204.0,CRITICAL
2026-04-29 01:19:25,1804,0.3196,0.0,0.6,192.0,CRITICAL
2026-04-29 01:19:25,1805,0.3101,0.0,0.6,192.0,CRITICAL
2026-04-29 01:19:25,1806,0.3131,0.0,0.5333,192.0,CRITICAL
2026-04-29 01:19:25,1807,0.3089,0.0,0.5333,192.0,CRITICAL
2026-04-29 01:19:25,1808,0.3279,0.0,0.5333,180.0,CRITICAL
2026-04-29 01:19:26,1809,0.3343,0.0131,0.5333,180.0,CRITICAL
2026-04-29 01:19:26,1810,0.3188,0.0,0.5333,180.0,CRITICAL
2026-04-29 01:19:26,1811,0.3093,0.0,0.5333,180.0,CRITICAL
2026-04-29 01:19:26,1812,0.2643,0.0,0.5333,168.0,CRITICAL
2026-04-29 01:19:26,1813,0.2527,0.0,0.5333,180.0,CRITICAL
2026-04-29 01:19:26,1814,0.0818,0.013,0.5333,180.0,CRITICAL
2026-04-29 01:19:26,1815,0.0839,0.0128,0.5333,180.0,CRITICAL
2026-04-29 01:19:26,1816,0.1749,0.0137,0.5333,180.0,CRITICAL
2026-04-29 01:19:26,1817,0.1609,0.0133,0.5333,180.0,CRITICAL
2026-04-29 01:19:26,1818,0.201,0.0,0.6,180.0,CRITICAL
2026-04-29 01:19:26,1819,0.1913,0.0,0.6111,180.0,CRITICAL
2026-04-29 01:19:26,1820,0.2135,0.0417,0.6222,180.0,CRITICAL
2026-04-29 01:19:26,1821,0.2148,0.0137,0.6333,180.0,CRITICAL
2026-04-29 01:19:26,1822,0.1972,0.0194,0.6444,180.0,CRITICAL
2026-04-29 01:19:26,1823,0.2165,0.0135,0.6556,180.0,CRITICAL
2026-04-29 01:19:26,1824,0.2099,0.0141,0.6667,180.0,CRITICAL
2026-04-29 01:19:26,1825,0.2148,0.0,0.6778,180.0,CRITICAL
2026-04-29 01:19:26,1826,0.2491,0.0,0.6889,180.0,CRITICAL
2026-04-29 01:19:26,1827,0.2688,0.0,0.6778,180.0,CRITICAL
2026-04-29 01:19:26,1828,0.2691,0.0,0.6667,180.0,CRITICAL
2026-04-29 01:19:26,1829,0.2534,0.0,0.6556,192.0,CRITICAL
2026-04-29 01:19:26,1830,0.2572,0.0,0.6444,180.0,CRITICAL
2026-04-29 01:19:26,1831,0.2778,0.0132,0.5778,180.0,CRITICAL
2026-04-29 01:19:26,1832,0.2809,0.0,0.5778,180.0,CRITICAL
2026-04-29 01:19:26,1833,0.2517,0.0,0.5778,192.0,CRITICAL
2026-04-29 01:19:26,1834,0.2821,0.0,0.5778,180.0,CRITICAL
2026-04-29 01:19:27,1835,0.2821,0.0,0.5778,180.0,CRITICAL
2026-04-29 01:19:27,1836,0.2844,0.0,0.5778,180.0,CRITICAL
2026-04-29 01:19:27,1837,0.2778,0.0133,0.5778,180.0,CRITICAL
2026-04-29 01:19:27,1838,0.2722,0.0,0.5778,180.0,CRITICAL
2026-04-29 01:19:27,1839,0.285,0.0,0.5778,180.0,CRITICAL
2026-04-29 01:19:27,1840,0.2719,0.0,0.5778,180.0,CRITICAL
2026-04-29 01:19:27,1841,0.2639,0.0,0.5778,168.0,CRITICAL
2026-04-29 01:19:27,1842,0.2822,0.0,0.5778,168.0,CRITICAL
2026-04-29 01:19:27,1843,0.2794,0.0,0.5778,168.0,CRITICAL
2026-04-29 01:19:27,1844,0.2724,0.0132,0.5667,168.0,CRITICAL
2026-04-29 01:19:27,1845,0.3024,0.0,0.5556,168.0,CRITICAL
2026-04-29 01:19:27,1846,0.3005,0.0,0.5444,156.0,CRITICAL
2026-04-29 01:19:27,1847,0.2495,0.0,0.5333,168.0,CRITICAL
2026-04-29 01:19:27,1848,0.053,0.0,0.5222,168.0,CRITICAL
2026-04-29 01:19:27,1849,0.0453,0.0135,0.5111,168.0,CRITICAL
2026-04-29 01:19:27,1850,0.0554,0.0278,0.5,168.0,CRITICAL
2026-04-29 01:19:27,1851,0.1909,0.0,0.4889,168.0,CRITICAL
2026-04-29 01:19:27,1852,0.1949,0.0,0.5444,168.0,CRITICAL
2026-04-29 01:19:27,1853,0.2766,0.0,0.5333,156.0,CRITICAL
2026-04-29 01:19:27,1854,0.2754,0.0,0.5222,156.0,CRITICAL
2026-04-29 01:19:27,1855,0.2789,0.0128,0.5111,156.0,CRITICAL
2026-04-29 01:19:27,1856,0.28,0.0,0.5,156.0,CRITICAL
2026-04-29 01:19:27,1857,0.2947,0.0,0.4889,144.0,CRITICAL
2026-04-29 01:19:27,1858,0.2948,0.0,0.4778,144.0,CRITICAL
2026-04-29 01:19:27,1859,0.2981,0.0127,0.4667,144.0,CRITICAL
2026-04-29 01:19:27,1860,0.3015,0.0,0.4556,144.0,CRITICAL
2026-04-29 01:19:27,1861,0.2888,0.0,0.4444,144.0,CRITICAL
2026-04-29 01:19:27,1862,0.2937,0.0133,0.4333,144.0,CRITICAL
2026-04-29 01:19:28,1863,0.2881,0.013,0.4222,144.0,CRITICAL
2026-04-29 01:19:28,1864,0.2853,0.0,0.4111,144.0,CRITICAL
2026-04-29 01:19:28,1865,0.2767,0.0,0.4,132.0,HIGH
2026-04-29 01:19:28,1866,0.2643,0.0,0.3889,132.0,HIGH
2026-04-29 01:19:28,1867,0.2648,0.0,0.3778,132.0,HIGH
2026-04-29 01:19:28,1868,0.2907,0.0267,0.3667,132.0,HIGH
2026-04-29 01:19:28,1869,0.2857,0.0128,0.3556,132.0,HIGH
2026-04-29 01:19:28,1870,0.2636,0.0,0.3444,132.0,HIGH
2026-04-29 01:19:28,1871,0.2861,0.026,0.3333,132.0,HIGH
2026-04-29 01:19:28,1872,0.1452,0.0,0.3222,132.0,HIGH
2026-04-29 01:19:28,1873,0.0455,0.0,0.3111,132.0,HIGH
2026-04-29 01:19:28,1874,0.0472,0.0,0.3,132.0,MEDIUM
2026-04-29 01:19:28,1875,0.0631,0.0,0.2889,132.0,MEDIUM
2026-04-29 01:19:28,1876,0.0681,0.0,0.2222,132.0,MEDIUM
2026-04-29 01:19:28,1877,0.2307,0.0,0.2889,132.0,MEDIUM
2026-04-29 01:19:28,1878,0.214,0.0,0.3,120.0,MEDIUM
2026-04-29 01:19:28,1879,0.2723,0.0137,0.3,120.0,MEDIUM
2026-04-29 01:19:28,1880,0.2711,0.0,0.3,120.0,MEDIUM
2026-04-29 01:19:28,1881,0.2723,0.0133,0.3,120.0,MEDIUM
2026-04-29 01:19:28,1882,0.2694,0.0,0.3,120.0,MEDIUM
2026-04-29 01:19:28,1883,0.2694,0.0127,0.3,108.0,MEDIUM
2026-04-29 01:19:28,1884,0.2762,0.026,0.3,108.0,MEDIUM
2026-04-29 01:19:28,1885,0.277,0.0132,0.3,108.0,MEDIUM
2026-04-29 01:19:28,1886,0.2722,0.0125,0.3,96.0,MEDIUM
2026-04-29 01:19:28,1887,0.2686,0.0,0.3,96.0,MEDIUM
